words,answer,commonness,familiar,recognized
aalii,0,0.06,0.09,0.09
abaca,0,0.073,0.14,0.1
aback,1,0.637,1.57,0.75
abaff,0,0.05,0.06,0.08
abaft,0,0.157,0.37,0.19
abase,1,0.38,1.11,0.39
abash,0,0.405,1.14,0.43
abask,0,0.073,0.17,0.09
abate,1,0.605,1.62,0.67
abave,0,0.18,0.36,0.24
abaze,0,0.175,0.42,0.21
abbas,0,0.3,0.81,0.33
abbey,1,0.797,1.96,0.94
abbot,1,0.62,1.38,0.78
abdal,0,0.098,0.17,0.14
abdat,0,0.115,0.39,0.1
abeam,0,0.142,0.28,0.19
abear,0,0.158,0.41,0.18
abele,0,0.188,0.44,0.23
abhor,1,0.628,1.61,0.72
abide,1,0.733,1.85,0.85
abidi,0,0.07,0.09,0.11
abilo,0,0.127,0.28,0.16
abkar,0,0.05,0.06,0.08
abled,1,0.49,1.26,0.56
abler,0,0.775,1.98,0.89
ablow,0,0.23,0.48,0.3
abmho,0,0.058,0.14,0.07
abnet,0,0.103,0.23,0.13
abode,1,0.65,1.5,0.8
abody,0,0.207,0.43,0.27
abohm,0,0.058,0.08,0.09
aboil,0,0.248,0.44,0.35
aboma,0,0.09,0.21,0.11
aboon,0,0.147,0.25,0.21
abord,0,0.195,0.51,0.22
abort,1,0.835,2.16,0.95
about,1,0.995,3.0,0.99
above,1,0.988,2.99,0.98
abret,0,0.073,0.11,0.11
abrim,0,0.097,0.16,0.14
abrin,0,0.06,0.09,0.09
absit,0,0.103,0.17,0.15
abuna,0,0.062,0.07,0.1
abura,0,0.085,0.18,0.11
abuse,1,0.938,2.69,0.98
abuzz,0,0.718,1.91,0.8
abwab,0,0.053,0.08,0.08
abysm,0,0.217,0.4,0.3
abyss,1,0.71,1.74,0.84
acana,0,0.155,0.33,0.2
acapu,0,0.163,0.41,0.19
acara,0,0.14,0.27,0.19
acari,0,0.053,0.05,0.09
acate,0,0.125,0.3,0.15
accoy,0,0.068,0.11,0.1
acedy,0,0.083,0.14,0.12
acerb,0,0.212,0.58,0.23
achar,0,0.238,0.77,0.22
acher,0,0.292,0.73,0.34
achor,0,0.302,0.7,0.37
acier,0,0.215,0.57,0.24
acker,0,0.532,1.24,0.65
ackey,0,0.253,0.53,0.33
aclys,0,0.045,0.06,0.07
acmic,0,0.08,0.12,0.12
acock,0,0.135,0.24,0.19
acoin,0,0.908,2.54,0.97
acold,0,0.338,0.92,0.37
acoma,0,0.192,0.49,0.22
acone,0,0.468,1.19,0.54
acorn,1,0.813,2.0,0.96
acred,0,0.283,0.5,0.4
acrid,1,0.44,1.17,0.49
acron,0,0.145,0.27,0.2
acryl,0,0.387,0.97,0.45
actin,0,0.428,1.16,0.47
acton,0,0.585,1.74,0.59
actor,1,0.963,2.84,0.98
acute,1,0.837,2.2,0.94
adage,1,0.49,1.32,0.54
adapt,1,0.942,2.74,0.97
adati,0,0.053,0.05,0.09
adawe,0,0.092,0.25,0.1
adawn,0,0.48,0.99,0.63
adays,0,0.228,0.68,0.23
addax,0,0.107,0.28,0.12
added,0,0.987,2.98,0.98
adder,0,0.802,2.08,0.91
addle,0,0.443,1.13,0.51
adead,0,0.498,1.55,0.48
adeem,0,0.118,0.26,0.15
adeep,0,0.525,1.29,0.62
adept,1,0.668,1.64,0.79
adfix,0,0.082,0.13,0.12
adieu,0,0.682,1.63,0.82
adion,0,0.07,0.09,0.11
adjag,0,0.072,0.16,0.09
adlay,0,0.08,0.12,0.12
adlet,0,0.12,0.3,0.14
adman,0,0.742,2.02,0.81
admin,1,0.927,2.71,0.95
admit,1,0.967,2.86,0.98
admix,0,0.262,0.73,0.28
adnex,0,0.102,0.19,0.14
adobe,1,0.795,2.04,0.91
adopt,1,0.885,2.4,0.97
adore,1,0.862,2.29,0.96
adorn,1,0.648,1.58,0.77
adown,0,0.268,0.47,0.38
adoxy,0,0.067,0.1,0.1
adoze,0,0.348,0.8,0.43
adpao,0,0.038,0.05,0.06
adrip,0,0.398,1.07,0.44
adrop,0,0.4,1.05,0.45
adrue,0,0.152,0.31,0.2
adult,1,0.99,2.97,0.99
adunc,0,0.055,0.06,0.09
adusk,0,0.225,0.42,0.31
adust,0,0.135,0.21,0.2
adyta,0,0.088,0.17,0.12
adzer,0,0.1,0.15,0.15
aegis,0,0.342,1.03,0.34
aeric,0,0.092,0.16,0.13
aerie,0,0.343,1.04,0.34
aevia,0,0.047,0.04,0.08
aface,0,0.158,0.38,0.19
afara,0,0.055,0.06,0.09
afear,0,0.158,0.23,0.24
affix,1,0.732,1.72,0.89
afire,1,0.675,1.62,0.81
aflat,0,0.235,0.54,0.29
aflow,0,0.127,0.37,0.13
afoam,0,0.295,0.75,0.34
afoot,1,0.552,1.33,0.66
afore,0,0.18,0.48,0.2
afoul,1,0.43,1.17,0.47
afret,0,0.128,0.35,0.14
after,1,0.995,3.0,0.99
again,1,0.993,2.99,0.99
agama,0,0.21,0.66,0.2
agami,0,0.065,0.12,0.09
agamy,0,0.095,0.21,0.12
agape,1,0.362,1.12,0.35
agasp,0,0.532,1.3,0.63
agate,1,0.528,1.25,0.64
agaty,0,0.102,0.16,0.15
agaze,0,0.298,0.71,0.36
agent,1,0.9,2.52,0.96
agger,0,0.132,0.25,0.18
aggry,0,0.265,0.57,0.34
aggur,0,0.063,0.14,0.08
agile,1,0.777,2.02,0.88
aging,1,0.912,2.59,0.96
agist,0,0.112,0.25,0.14
agita,0,0.127,0.28,0.16
aglet,0,0.222,0.79,0.18
agley,0,0.1,0.12,0.16
aglow,1,0.717,1.84,0.82
agnel,0,0.233,0.62,0.26
agnus,0,0.25,0.72,0.26
agoge,0,0.073,0.11,0.11
agoho,0,0.095,0.33,0.08
agone,0,0.408,1.04,0.47
agony,1,0.823,2.06,0.96
agora,0,0.327,0.97,0.33
agrah,0,0.077,0.16,0.1
agral,0,0.075,0.12,0.11
agree,1,0.995,3.0,0.99
agria,0,0.122,0.22,0.17
agrin,0,0.06,0.06,0.1
agrom,0,0.103,0.17,0.15
agsam,0,0.043,0.05,0.07
aguey,0,0.122,0.28,0.15
agush,0,0.107,0.31,0.11
agust,0,0.223,0.65,0.23
ahead,1,0.987,2.98,0.98
aheap,0,0.522,1.24,0.63
ahind,0,0.182,0.4,0.23
ahint,0,0.748,1.97,0.84
ahong,0,0.083,0.17,0.11
ahsan,0,0.073,0.08,0.12
ahull,0,0.138,0.2,0.21
ahunt,0,0.305,0.63,0.4
ahura,0,0.062,0.07,0.1
ahush,0,0.237,0.58,0.28
ahwal,0,0.05,0.06,0.08
aider,1,0.827,2.26,0.9
aillt,0,0.073,0.17,0.09
aimer,0,0.298,0.98,0.27
ainoi,0,0.057,0.1,0.08
airan,0,0.122,0.19,0.18
airer,0,0.477,1.39,0.49
aisle,1,0.927,2.71,0.95
aitch,0,0.712,1.75,0.84
aiwan,0,0.288,0.65,0.36
aizle,0,0.132,0.37,0.14
ajaja,0,0.125,0.33,0.14
ajari,0,0.128,0.32,0.15
ajava,0,0.208,0.59,0.22
ajhar,0,0.055,0.06,0.09
akala,0,0.17,0.39,0.21
akasa,0,0.088,0.17,0.12
akebi,0,0.057,0.1,0.08
akeki,0,0.06,0.06,0.1
aknee,0,0.243,0.56,0.3
akpek,0,0.03,0.03,0.05
akule,0,0.077,0.13,0.11
akund,0,0.042,0.04,0.07
alack,0,0.347,0.76,0.44
alada,0,0.105,0.21,0.14
alala,0,0.105,0.21,0.14
alamo,0,0.678,1.61,0.82
aland,0,0.287,0.73,0.33
alani,0,0.302,0.88,0.31
alarm,1,0.988,2.99,0.98
alary,0,0.285,0.63,0.36
alate,0,0.103,0.14,0.16
alban,0,0.428,1.19,0.46
albee,0,0.315,0.69,0.4
album,1,0.948,2.75,0.98
albus,0,0.322,0.85,0.36
alder,0,0.573,1.43,0.67
aldim,0,0.088,0.2,0.11
aldol,0,0.177,0.31,0.25
aleak,0,0.143,0.26,0.2
aleft,0,0.177,0.49,0.19
aleph,0,0.24,0.51,0.31
alert,1,0.988,2.96,0.99
alfet,0,0.075,0.09,0.12
algae,1,0.725,1.86,0.83
algal,0,0.528,1.34,0.61
algic,0,0.13,0.24,0.18
algid,0,0.11,0.21,0.15
algin,0,0.207,0.49,0.25
algor,0,0.177,0.37,0.23
algum,0,0.113,0.32,0.12
alias,0,0.785,2.01,0.9
alibi,1,0.792,2.02,0.91
alien,1,0.853,2.18,0.98
align,1,0.862,2.38,0.93
alike,1,0.932,2.68,0.97
alima,0,0.123,0.23,0.17
alish,0,0.15,0.27,0.21
aliso,0,0.275,0.81,0.28
alisp,0,0.168,0.23,0.26
alist,0,0.565,1.32,0.69
alite,0,0.238,0.38,0.35
alive,1,0.993,2.99,0.99
alkyd,0,0.102,0.19,0.14
alkyl,0,0.213,0.44,0.28
allan,0,0.738,1.85,0.86
allay,1,0.472,1.24,0.53
aller,0,0.403,1.19,0.41
alley,1,0.848,2.24,0.95
allot,1,0.652,1.75,0.72
allow,1,0.987,2.98,0.98
alloy,1,0.752,1.87,0.88
allyl,0,0.192,0.4,0.25
almon,0,0.302,0.67,0.38
almud,0,0.075,0.12,0.11
almug,0,0.055,0.06,0.09
alody,0,0.057,0.07,0.09
aloed,0,0.2,0.39,0.27
aloft,1,0.628,1.4,0.79
alogy,0,0.19,0.42,0.24
aloid,0,0.187,0.31,0.27
aloin,0,0.103,0.23,0.13
aloma,0,0.152,0.37,0.18
alone,1,0.987,2.98,0.98
along,1,0.99,3.0,0.98
aloof,1,0.718,1.85,0.82
alose,0,0.507,1.12,0.64
aloud,1,0.927,2.65,0.97
alowe,0,0.138,0.29,0.18
alpha,1,0.887,2.47,0.95
altar,1,0.782,1.87,0.94
alter,1,0.872,2.35,0.96
altho,0,0.307,0.61,0.41
altin,0,0.167,0.4,0.2
altun,0,0.067,0.07,0.11
alula,0,0.088,0.11,0.14
alure,0,0.208,0.53,0.24
aluta,0,0.087,0.16,0.12
alvar,0,0.163,0.35,0.21
alvus,0,0.065,0.06,0.11
alway,0,0.308,0.8,0.35
amaas,0,0.11,0.27,0.13
amaga,0,0.055,0.09,0.08
amain,0,0.137,0.19,0.21
amala,0,0.14,0.36,0.16
amang,0,0.107,0.22,0.14
amani,0,0.173,0.47,0.19
amapa,0,0.108,0.26,0.13
amass,1,0.693,1.67,0.83
amaze,1,0.927,2.62,0.98
amban,0,0.087,0.16,0.12
ambar,0,0.29,0.75,0.33
ambay,0,0.055,0.09,0.08
amber,1,0.893,2.45,0.97
ambit,0,0.452,1.18,0.51
amble,1,0.637,1.63,0.73
ambon,0,0.138,0.38,0.15
ambos,0,0.167,0.34,0.22
ambry,0,0.198,0.47,0.24
ameed,0,0.1,0.21,0.13
ameen,0,0.368,1.04,0.39
amelu,0,0.172,0.28,0.25
amend,1,0.807,2.05,0.93
amene,0,0.107,0.25,0.13
ament,0,0.143,0.29,0.19
amhar,0,0.127,0.22,0.18
amice,0,0.073,0.11,0.11
amide,0,0.362,0.88,0.43
amido,0,0.127,0.22,0.18
amine,0,0.453,1.13,0.53
amini,0,0.15,0.36,0.18
amino,0,0.602,1.48,0.71
amiss,1,0.652,1.63,0.76
amity,1,0.475,1.23,0.54
amman,0,0.395,1.08,0.43
ammer,0,0.178,0.41,0.22
amnia,0,0.43,1.11,0.49
amnic,0,0.087,0.16,0.12
amoke,0,0.22,0.45,0.29
amole,0,0.16,0.45,0.17
among,1,0.937,2.71,0.97
amort,0,0.152,0.34,0.19
amour,0,0.575,1.35,0.7
amove,0,0.153,0.38,0.18
amper,0,0.332,0.73,0.42
ample,1,0.745,1.86,0.87
amply,1,0.663,1.67,0.77
ampul,0,0.333,0.83,0.39
ampyx,0,0.055,0.09,0.08
amsel,0,0.228,0.53,0.28
amuck,0,0.453,1.22,0.5
amula,0,0.063,0.11,0.09
amuse,1,0.822,2.05,0.96
amuze,0,0.15,0.33,0.19
amvis,0,0.065,0.09,0.1
amylo,0,0.173,0.35,0.23
anabo,0,0.083,0.2,0.1
anama,0,0.307,0.85,0.33
anana,0,0.328,0.83,0.38
ancon,0,0.132,0.31,0.16
anear,0,0.15,0.3,0.2
anele,0,0.093,0.17,0.13
anend,0,0.108,0.2,0.15
anent,0,0.11,0.24,0.14
angel,1,0.933,2.66,0.98
anger,1,0.985,2.94,0.99
angle,1,0.933,2.66,0.98
angor,0,0.253,0.62,0.3
angry,1,0.993,2.99,0.99
angst,1,0.562,1.54,0.61
anigh,0,0.133,0.2,0.2
anile,0,0.107,0.19,0.15
anima,0,0.347,0.91,0.39
anime,1,0.765,1.95,0.88
animi,0,0.158,0.29,0.22
anion,0,0.54,1.29,0.65
anise,0,0.465,1.2,0.53
anjan,0,0.053,0.05,0.09
ankee,0,0.12,0.24,0.16
anker,0,0.833,2.18,0.94
ankle,1,0.967,2.86,0.98
ankus,0,0.093,0.2,0.12
annal,0,0.427,1.12,0.48
annat,0,0.097,0.13,0.15
annet,0,0.37,0.81,0.47
annex,1,0.585,1.5,0.67
annoy,1,0.96,2.85,0.97
annul,1,0.567,1.45,0.65
anode,1,0.417,1.15,0.45
anoil,0,0.238,0.56,0.29
anole,0,0.238,0.74,0.23
anoli,0,0.082,0.13,0.12
anomy,0,0.217,0.52,0.26
ansar,0,0.158,0.41,0.18
antal,0,0.157,0.34,0.2
antes,0,0.192,0.37,0.26
antic,1,0.632,1.54,0.75
antra,0,0.115,0.24,0.15
antre,0,0.202,0.46,0.25
anury,0,0.063,0.08,0.1
anvil,1,0.712,1.66,0.87
aorta,1,0.482,1.24,0.55
apace,0,0.423,0.98,0.52
apaid,0,0.52,1.29,0.61
apart,1,0.973,2.9,0.98
apeak,0,0.243,0.53,0.31
apert,0,0.177,0.37,0.23
apery,0,0.1,0.18,0.14
aphid,1,0.338,0.95,0.36
apian,0,0.09,0.12,0.14
apiin,0,0.117,0.25,0.15
aping,1,0.658,1.79,0.72
apish,0,0.133,0.26,0.18
apism,0,0.073,0.11,0.11
apnea,1,0.482,1.45,0.48
apoop,0,0.365,0.9,0.43
aport,0,0.202,0.43,0.26
apout,0,0.465,1.05,0.58
appay,0,0.112,0.31,0.12
appet,0,0.247,0.49,0.33
apple,1,0.995,3.0,0.99
apply,1,0.983,2.96,0.98
apron,1,0.847,2.2,0.96
apsis,0,0.15,0.36,0.18
aptly,1,0.668,1.7,0.77
araba,0,0.2,0.51,0.23
araca,0,0.075,0.15,0.1
arado,0,0.108,0.29,0.12
arain,0,0.113,0.23,0.15
arake,0,0.083,0.14,0.12
arara,0,0.175,0.51,0.18
arati,0,0.083,0.11,0.13
arbor,1,0.582,1.42,0.69
arche,0,0.2,0.3,0.3
archy,0,0.422,0.82,0.57
ardeb,0,0.055,0.09,0.08
ardor,1,0.418,1.19,0.44
ardri,0,0.053,0.08,0.08
aread,0,0.192,0.49,0.22
areal,0,0.268,0.53,0.36
arear,0,0.198,0.53,0.22
areek,0,0.07,0.12,0.1
areel,0,0.187,0.52,0.2
arena,1,0.817,2.08,0.94
arend,0,0.203,0.47,0.25
areng,0,0.112,0.28,0.13
arent,0,0.467,1.18,0.54
arete,0,0.132,0.31,0.16
argal,0,0.078,0.14,0.11
argel,0,0.097,0.16,0.14
argil,0,0.092,0.13,0.14
argol,0,0.09,0.12,0.14
argon,0,0.535,1.29,0.64
argot,0,0.265,0.87,0.24
argue,1,0.983,2.96,0.98
arhar,0,0.057,0.07,0.09
arhat,0,0.165,0.51,0.16
ariel,0,0.667,1.54,0.82
ariot,0,0.472,1.09,0.58
arise,1,0.858,2.3,0.95
arist,0,0.233,0.5,0.3
arite,0,0.123,0.26,0.16
arjun,0,0.148,0.32,0.19
arles,0,0.237,0.61,0.27
armed,0,0.925,2.61,0.98
armer,0,0.263,0.53,0.35
armet,0,0.1,0.15,0.15
armil,0,0.072,0.13,0.1
armor,1,0.833,2.09,0.97
arnee,0,0.102,0.19,0.14
arnut,0,0.075,0.12,0.11
aroar,0,0.513,1.43,0.55
arock,0,0.403,0.98,0.48
aroid,0,0.173,0.41,0.21
aroma,1,0.85,2.25,0.95
aroon,0,0.19,0.48,0.22
arose,1,0.837,2.2,0.94
arpen,0,0.172,0.49,0.18
arrah,0,0.083,0.17,0.11
arras,0,0.192,0.46,0.23
arrau,0,0.077,0.13,0.11
array,1,0.723,1.73,0.87
arrie,0,0.392,0.91,0.48
arris,0,0.262,0.64,0.31
arrow,1,0.972,2.89,0.98
arses,0,0.615,1.41,0.76
arsis,0,0.058,0.05,0.1
arsle,0,0.078,0.14,0.11
arson,1,0.76,1.86,0.9
arsyl,0,0.048,0.05,0.08
artal,0,0.072,0.1,0.11
artar,0,0.072,0.13,0.1
artel,0,0.23,0.6,0.26
artha,0,0.138,0.23,0.2
artsy,1,0.78,2.07,0.87
aruke,0,0.063,0.14,0.08
arupa,0,0.18,0.45,0.21
arusa,0,0.083,0.14,0.12
arval,0,0.087,0.16,0.12
arvel,0,0.16,0.36,0.2
arzan,0,0.073,0.11,0.11
arzun,0,0.048,0.05,0.08
asale,0,0.357,0.91,0.41
asana,0,0.39,1.2,0.38
ascan,0,0.118,0.23,0.16
ascii,0,0.488,1.16,0.59
ascon,0,0.063,0.05,0.11
ascot,1,0.56,1.26,0.7
ascry,0,0.095,0.15,0.14
ascus,0,0.068,0.08,0.11
asdic,0,0.052,0.04,0.09
ashen,1,0.677,1.72,0.78
ashes,0,0.913,2.57,0.97
ashet,0,0.127,0.28,0.16
ashur,0,0.145,0.3,0.19
aside,1,0.878,2.39,0.96
askar,0,0.147,0.34,0.18
asker,0,0.743,1.94,0.84
askew,1,0.713,1.85,0.81
askip,0,0.32,0.87,0.35
askos,0,0.077,0.1,0.12
aslop,0,0.318,0.89,0.34
asoak,0,0.62,1.47,0.75
asoka,0,0.283,0.74,0.32
aspen,0,0.662,1.63,0.78
asper,0,0.29,0.75,0.33
aspic,0,0.34,0.96,0.36
assai,0,0.152,0.46,0.15
assay,1,0.398,1.04,0.45
asset,1,0.845,2.22,0.95
assis,0,0.182,0.43,0.22
astay,0,0.24,0.63,0.27
aster,0,0.505,1.2,0.61
astir,0,0.372,1.03,0.4
astor,0,0.393,0.98,0.46
asway,0,0.378,0.95,0.44
aswim,0,0.378,0.8,0.49
asyla,0,0.187,0.4,0.24
atavi,0,0.082,0.16,0.11
ataxy,0,0.188,0.53,0.2
atelo,0,0.077,0.16,0.1
athar,0,0.107,0.19,0.15
atilt,0,0.413,1.01,0.49
atlas,0,0.758,1.91,0.88
atlee,0,0.278,0.65,0.34
atman,0,0.232,0.7,0.23
atmid,0,0.128,0.32,0.15
atmos,0,0.587,1.63,0.63
atoke,0,0.097,0.16,0.14
atoll,1,0.475,1.2,0.55
atomy,0,0.573,1.28,0.72
atone,1,0.655,1.71,0.74
atony,0,0.232,0.7,0.23
atopy,0,0.117,0.28,0.14
atour,0,0.252,0.67,0.28
atria,0,0.248,0.83,0.22
atrip,0,0.515,1.32,0.59
attar,0,0.148,0.41,0.16
atter,0,0.257,0.58,0.32
attic,1,0.842,2.17,0.96
attid,0,0.17,0.33,0.23
atule,0,0.102,0.22,0.13
atune,0,0.342,0.7,0.45
atwin,0,0.085,0.18,0.11
atypy,0,0.14,0.24,0.2
audio,1,0.942,2.74,0.97
audit,1,0.833,2.12,0.96
augen,0,0.08,0.09,0.13
auger,0,0.51,1.29,0.59
aught,0,0.293,0.68,0.36
augur,1,0.392,1.15,0.4
aulae,0,0.065,0.09,0.1
aulic,0,0.082,0.13,0.12
auloi,0,0.045,0.03,0.08
aulos,0,0.108,0.23,0.14
aumil,0,0.047,0.07,0.07
aunty,1,0.832,2.23,0.92
aurae,0,0.527,1.42,0.58
aural,0,0.363,1.01,0.39
aurar,0,0.133,0.23,0.19
auric,0,0.217,0.58,0.24
aurin,0,0.092,0.13,0.14
aurir,0,0.075,0.18,0.09
aurum,0,0.217,0.43,0.29
auryl,0,0.09,0.12,0.14
autem,0,0.117,0.19,0.17
auxin,0,0.145,0.36,0.17
avahi,0,0.105,0.24,0.13
avail,1,0.685,1.95,0.72
avast,0,0.588,1.76,0.59
avens,0,0.247,0.61,0.29
avera,0,0.167,0.4,0.2
avert,1,0.693,1.73,0.81
avian,1,0.488,1.22,0.57
avick,0,0.062,0.07,0.1
avine,0,0.107,0.16,0.16
aviso,0,0.318,0.5,0.47
avoid,1,0.972,2.89,0.98
awabi,0,0.047,0.07,0.07
awaft,0,0.44,1.14,0.5
await,1,0.818,2.09,0.94
awake,1,0.988,2.99,0.98
awald,0,0.097,0.16,0.14
awalt,0,0.062,0.13,0.08
awane,0,0.085,0.18,0.11
award,1,0.947,2.74,0.98
aware,1,0.977,2.92,0.98
awash,1,0.66,1.68,0.76
awave,0,0.26,0.66,0.3
awber,0,0.118,0.26,0.15
aweek,0,0.657,1.96,0.66
aweel,0,0.093,0.11,0.15
awest,0,0.207,0.43,0.27
aweto,0,0.045,0.06,0.07
awful,1,0.973,2.9,0.98
awhet,0,0.168,0.29,0.24
awhir,0,0.233,0.44,0.32
awide,0,0.443,1.34,0.44
awing,0,0.425,1.11,0.48
awink,0,0.087,0.22,0.1
awiwi,0,0.048,0.05,0.08
awned,0,0.353,0.98,0.38
awner,0,0.478,1.16,0.57
awoke,1,0.868,2.33,0.96
awork,0,0.225,0.72,0.21
axial,1,0.487,1.27,0.55
axile,0,0.225,0.57,0.26
axine,0,0.055,0.06,0.09
axiom,1,0.533,1.34,0.62
axion,1,0.218,0.56,0.25
axite,0,0.088,0.14,0.13
axled,0,0.305,0.78,0.35
axman,0,0.272,0.64,0.33
axoid,0,0.053,0.05,0.09
ayelp,0,0.185,0.39,0.24
aylet,0,0.092,0.16,0.13
ayllu,0,0.057,0.1,0.08
ayond,0,0.28,0.72,0.32
ayont,0,0.09,0.18,0.12
ayous,0,0.058,0.08,0.09
azide,0,0.217,0.58,0.24
azine,0,0.093,0.11,0.15
azoch,0,0.045,0.03,0.08
azofy,0,0.033,0.02,0.06
azoic,0,0.195,0.57,0.2
azole,0,0.145,0.27,0.2
azote,0,0.113,0.14,0.18
azoth,0,0.067,0.1,0.1
azoxy,0,0.058,0.05,0.1
azure,1,0.717,1.72,0.86
azury,0,0.15,0.21,0.23
azyme,0,0.11,0.12,0.18
babai,0,0.153,0.41,0.17
babby,0,0.77,2.1,0.84
baboo,0,0.437,1.09,0.51
babul,0,0.188,0.53,0.2
bacao,0,0.103,0.2,0.14
bacca,0,0.167,0.28,0.24
bache,0,0.393,0.83,0.51
bacon,1,0.99,2.97,0.99
badan,0,0.107,0.25,0.13
badge,1,0.895,2.46,0.97
badly,1,0.987,2.98,0.98
baffy,0,0.622,1.6,0.71
bafta,0,0.55,1.5,0.6
bagel,1,0.882,2.38,0.97
baggy,1,0.873,2.42,0.94
bagre,0,0.107,0.28,0.12
bahan,0,0.127,0.37,0.13
bahar,0,0.147,0.37,0.17
bahay,0,0.16,0.39,0.19
bahoe,0,0.097,0.22,0.12
bahoo,0,0.395,0.96,0.47
bahur,0,0.063,0.11,0.09
bahut,0,0.077,0.16,0.1
baioc,0,0.057,0.07,0.09
bairn,0,0.145,0.18,0.23
baith,0,0.218,0.47,0.28
baize,0,0.295,0.84,0.31
bajan,0,0.275,0.78,0.29
bajra,0,0.067,0.1,0.1
bajri,0,0.052,0.07,0.08
bakal,0,0.133,0.29,0.17
baked,0,0.98,2.94,0.98
baken,0,0.985,2.97,0.98
baker,1,0.953,2.78,0.98
bakie,0,0.142,0.28,0.19
bakli,0,0.07,0.09,0.11
balai,0,0.145,0.36,0.17
balao,0,0.088,0.17,0.12
balas,0,0.315,1.02,0.29
baldy,0,0.862,2.32,0.95
balei,0,0.14,0.42,0.14
baler,1,0.452,1.27,0.48
balky,0,0.645,1.65,0.74
balli,0,0.135,0.27,0.18
bally,0,0.418,1.13,0.46
balmy,1,0.63,1.62,0.72
baloo,0,0.553,1.37,0.65
balow,0,0.198,0.44,0.25
balsa,0,0.398,1.16,0.41
balut,0,0.105,0.3,0.11
balza,0,0.103,0.17,0.15
banak,0,0.123,0.26,0.16
banal,1,0.59,1.62,0.64
banat,0,0.103,0.2,0.14
banca,0,0.41,1.08,0.46
banco,0,0.495,1.35,0.54
banda,0,0.77,2.31,0.77
bande,0,0.31,0.9,0.32
bandi,0,0.147,0.4,0.16
bando,0,0.242,0.73,0.24
bandy,0,0.38,1.05,0.41
banga,0,0.437,1.3,0.44
bange,0,0.337,0.97,0.35
banig,0,0.083,0.2,0.1
banjo,1,0.76,1.86,0.9
banky,0,0.215,0.48,0.27
banns,0,0.357,0.79,0.45
banty,0,0.34,0.87,0.39
banya,0,0.14,0.36,0.16
barad,0,0.125,0.24,0.17
barbe,0,0.262,0.58,0.33
bardo,0,0.292,0.82,0.31
bardy,0,0.263,0.71,0.29
barer,0,0.323,0.8,0.38
barff,0,0.12,0.27,0.15
barge,1,0.732,1.78,0.87
bargh,0,0.113,0.32,0.12
baria,0,0.1,0.18,0.14
baric,0,0.097,0.16,0.14
barid,0,0.082,0.13,0.12
barie,0,0.14,0.3,0.18
baris,0,0.15,0.33,0.19
barit,0,0.198,0.38,0.27
barky,0,0.82,2.22,0.9
barmy,0,0.352,0.82,0.43
barny,0,0.553,1.34,0.66
baroi,0,0.06,0.12,0.08
baron,1,0.725,1.74,0.87
barra,0,0.435,1.35,0.42
barry,0,0.808,2.06,0.93
barse,0,0.18,0.42,0.22
barth,0,0.502,1.27,0.58
barye,0,0.055,0.03,0.1
basal,1,0.495,1.41,0.52
based,0,0.958,2.84,0.97
bases,0,0.927,2.68,0.96
basic,1,0.858,2.33,0.94
basil,1,0.805,2.1,0.91
basin,1,0.773,2.0,0.88
basis,1,0.903,2.54,0.96
bason,0,0.787,2.02,0.9
basos,0,0.105,0.24,0.13
basso,0,0.517,1.42,0.56
basta,0,0.315,0.78,0.37
baste,1,0.695,1.74,0.81
basto,0,0.218,0.59,0.24
batad,0,0.068,0.14,0.09
batch,1,0.9,2.55,0.95
batea,0,0.087,0.16,0.12
bated,0,0.487,1.3,0.54
batel,0,0.135,0.3,0.17
bater,0,0.2,0.66,0.18
bathe,1,0.982,2.95,0.98
batik,0,0.348,1.1,0.33
baton,1,0.762,1.9,0.89
batta,0,0.162,0.37,0.2
batty,1,0.697,1.69,0.83
bauch,0,0.123,0.2,0.18
bauno,0,0.083,0.17,0.11
bauta,0,0.078,0.14,0.11
bavin,0,0.083,0.14,0.12
bawdy,1,0.683,1.64,0.82
bayal,0,0.072,0.1,0.11
bayed,0,0.393,1.1,0.42
bayok,0,0.095,0.21,0.12
bayou,1,0.57,1.47,0.65
bazoo,0,0.46,1.26,0.5
beach,1,0.987,2.95,0.99
beady,1,0.707,1.78,0.82
beaky,0,0.58,1.47,0.67
beala,0,0.092,0.16,0.13
beamy,0,0.643,1.67,0.73
beano,0,0.662,1.69,0.76
beant,0,0.538,1.13,0.7
beany,0,0.773,2.0,0.88
beard,1,0.97,2.88,0.98
bearm,0,0.315,0.81,0.36
beast,1,0.918,2.57,0.98
beata,0,0.162,0.4,0.19
beath,0,0.217,0.46,0.28
beaut,0,0.247,0.58,0.3
beaux,0,0.322,0.82,0.37
bebar,0,0.095,0.21,0.12
bebat,0,0.062,0.1,0.09
bebay,0,0.17,0.48,0.18
bebed,0,0.115,0.27,0.14
bebog,0,0.075,0.15,0.1
bebop,0,0.513,1.28,0.6
becap,0,0.08,0.18,0.1
becry,0,0.063,0.08,0.1
becut,0,0.1,0.18,0.14
bedad,0,0.122,0.19,0.18
beday,0,0.098,0.17,0.14
bedel,0,0.142,0.31,0.18
beden,0,0.123,0.41,0.11
bedew,0,0.188,0.44,0.23
bedim,0,0.09,0.15,0.13
bedin,0,0.153,0.32,0.2
bedip,0,0.05,0.09,0.07
bedog,0,0.132,0.28,0.17
bedot,0,0.062,0.1,0.09
bedub,0,0.068,0.11,0.1
bedur,0,0.042,0.07,0.06
bedye,0,0.092,0.19,0.12
beech,1,0.63,1.53,0.75
beefy,1,0.872,2.38,0.95
beery,0,0.412,0.79,0.56
beest,0,0.248,0.38,0.37
beeth,0,0.128,0.23,0.18
beety,0,0.167,0.4,0.2
beeve,0,0.15,0.24,0.22
befan,0,0.052,0.07,0.08
befit,1,0.412,1.15,0.44
befog,0,0.388,1.07,0.42
befop,0,0.047,0.1,0.06
begad,0,0.097,0.19,0.13
began,1,0.958,2.81,0.98
begar,0,0.11,0.24,0.14
begat,1,0.487,1.15,0.59
begay,0,0.245,0.66,0.27
begem,0,0.123,0.29,0.15
beget,1,0.433,1.1,0.5
begin,1,0.988,2.96,0.99
begob,0,0.182,0.34,0.25
begum,0,0.375,1.08,0.39
begun,1,0.875,2.4,0.95
begut,0,0.05,0.09,0.07
behap,0,0.068,0.14,0.09
behen,0,0.112,0.22,0.15
beice,0,0.07,0.18,0.08
beige,0,0.817,2.08,0.94
being,1,0.927,2.62,0.98
beira,0,0.168,0.47,0.18
beisa,0,0.088,0.14,0.13
bejan,0,0.105,0.24,0.13
bejel,0,0.062,0.1,0.09
bejig,0,0.118,0.2,0.17
bekah,0,0.5,1.2,0.6
bekko,0,0.068,0.11,0.1
belah,0,0.108,0.26,0.13
belam,0,0.082,0.16,0.11
belar,0,0.138,0.26,0.19
belay,0,0.407,1.03,0.47
belch,1,0.852,2.23,0.96
belee,0,0.18,0.42,0.22
belga,0,0.17,0.39,0.21
belie,1,0.217,0.4,0.3
belle,1,0.787,1.96,0.92
belly,1,0.983,2.96,0.98
below,1,0.993,2.99,0.99
belve,0,0.117,0.22,0.16
bemad,0,0.047,0.07,0.07
beman,0,0.168,0.44,0.19
bemar,0,0.083,0.17,0.11
bemat,0,0.085,0.15,0.12
bemix,0,0.088,0.14,0.13
bemud,0,0.09,0.18,0.12
benab,0,0.08,0.15,0.11
bench,1,0.972,2.89,0.98
benda,0,0.147,0.34,0.18
bendy,0,0.835,2.28,0.91
benet,0,0.34,0.78,0.42
benjy,0,0.652,1.51,0.8
benne,0,0.168,0.44,0.19
benny,0,0.782,1.99,0.9
bensh,0,0.087,0.16,0.12
benty,0,0.173,0.41,0.21
benzo,0,0.493,1.34,0.54
beode,0,0.235,0.75,0.22
bepat,0,0.055,0.09,0.08
bepaw,0,0.132,0.31,0.16
bepen,0,0.128,0.38,0.13
bepun,0,0.062,0.1,0.09
berat,0,0.113,0.23,0.15
beray,0,0.082,0.16,0.11
beret,1,0.685,1.68,0.81
bergy,0,0.22,0.45,0.29
berne,0,0.48,1.11,0.59
berri,0,0.408,1.19,0.42
berry,1,0.982,2.95,0.98
berth,1,0.545,1.29,0.66
beryl,0,0.398,1.04,0.45
besan,0,0.095,0.18,0.13
besee,0,0.138,0.23,0.2
beset,1,0.598,1.52,0.69
besin,0,0.09,0.24,0.1
besit,0,0.137,0.25,0.19
besom,0,0.32,0.96,0.32
besot,0,0.215,0.63,0.22
bespy,0,0.12,0.21,0.17
besra,0,0.062,0.1,0.09
betag,0,0.11,0.18,0.16
betel,1,0.275,0.87,0.26
betis,0,0.123,0.23,0.17
betso,0,0.185,0.54,0.19
betty,0,0.91,2.55,0.97
bevel,1,0.56,1.38,0.66
bever,0,0.553,1.19,0.71
bevue,0,0.108,0.2,0.15
bewet,0,0.13,0.3,0.16
bewig,0,0.25,0.63,0.29
bezel,1,0.377,1.09,0.39
bezzi,0,0.055,0.03,0.1
bezzo,0,0.048,0.05,0.08
bhalu,0,0.095,0.21,0.12
bhang,0,0.197,0.58,0.2
bhara,0,0.108,0.23,0.14
bhava,0,0.035,0.03,0.06
biabo,0,0.085,0.21,0.1
bible,1,0.91,2.49,0.99
bicep,1,0.842,2.2,0.95
bichy,0,0.09,0.15,0.13
bidar,0,0.108,0.29,0.12
biddy,1,0.655,1.56,0.79
bider,0,0.2,0.42,0.26
bidet,0,0.45,1.35,0.45
bidri,0,0.057,0.1,0.08
bield,0,0.1,0.21,0.13
bifer,0,0.092,0.16,0.13
bifid,0,0.23,0.66,0.24
bigha,0,0.052,0.07,0.08
bight,0,0.262,0.76,0.27
bigot,1,0.775,1.95,0.9
bijou,0,0.36,1.05,0.37
bilbo,0,0.567,1.33,0.69
bilby,0,0.22,0.66,0.22
bilch,0,0.083,0.11,0.13
bilge,1,0.4,1.08,0.44
bilgy,0,0.123,0.17,0.19
bilic,0,0.068,0.11,0.1
bilio,0,0.125,0.24,0.17
billa,0,0.495,1.32,0.55
billy,1,0.915,2.58,0.97
bilsh,0,0.073,0.14,0.1
binal,0,0.137,0.25,0.19
binge,1,0.872,2.38,0.95
bingo,1,0.858,2.21,0.98
bingy,0,0.32,0.9,0.34
binna,0,0.103,0.17,0.15
biome,1,0.615,1.62,0.69
biose,0,0.143,0.26,0.2
biota,0,0.307,0.91,0.31
biped,0,0.495,1.29,0.56
bipod,0,0.263,0.83,0.25
birch,1,0.735,1.8,0.87
birdy,0,0.725,1.83,0.84
birle,0,0.112,0.19,0.16
birma,0,0.563,1.34,0.68
birny,0,0.087,0.13,0.13
birse,0,0.125,0.24,0.17
birsy,0,0.09,0.15,0.13
birth,1,0.983,2.93,0.99
bison,1,0.722,1.66,0.89
bisti,0,0.14,0.36,0.16
bitch,0,0.928,2.63,0.98
biter,0,0.87,2.4,0.94
bitty,1,0.472,1.24,0.53
biune,0,0.063,0.11,0.09
bixin,0,0.072,0.1,0.11
bizet,0,0.203,0.41,0.27
black,1,0.995,3.0,0.99
blade,1,0.935,2.7,0.97
blady,0,0.153,0.38,0.18
blaff,0,0.233,0.65,0.25
blain,0,0.323,0.77,0.39
blair,0,0.762,1.87,0.9
blake,0,0.748,1.82,0.89
blame,1,0.977,2.92,0.98
blanc,0,0.345,0.9,0.39
bland,1,0.907,2.53,0.97
blank,1,0.575,1.92,0.51
blare,1,0.778,1.97,0.9
blart,0,0.355,1.05,0.36
blase,0,0.438,1.31,0.44
blash,0,0.477,1.3,0.52
blast,1,0.942,2.74,0.97
blate,0,0.215,0.42,0.29
blaze,1,0.872,2.35,0.96
blazy,0,0.413,1.31,0.39
bleak,1,0.747,1.9,0.86
blear,0,0.485,1.23,0.56
bleat,1,0.7,1.74,0.82
bleck,0,0.07,0.12,0.1
bleed,1,0.955,2.82,0.97
bleep,1,0.822,2.11,0.94
blend,1,0.95,2.79,0.97
blent,0,0.192,0.46,0.23
bless,1,0.973,2.9,0.98
blest,0,0.838,2.18,0.95
blibe,0,0.073,0.11,0.11
blick,0,0.153,0.38,0.18
blimp,1,0.753,1.82,0.9
blimy,0,0.52,1.11,0.67
blind,1,0.972,2.89,0.98
blink,1,0.982,2.95,0.98
bliss,1,0.8,1.98,0.94
blite,0,0.103,0.14,0.16
blitz,1,0.798,2.06,0.91
blizz,0,0.303,0.8,0.34
bloat,1,0.857,2.32,0.94
block,1,0.987,2.98,0.98
bloke,1,0.77,2.07,0.85
blond,1,0.92,2.61,0.97
blood,1,0.993,2.99,0.99
bloom,1,0.947,2.77,0.97
bloop,0,0.647,1.75,0.71
blore,0,0.247,0.61,0.29
blout,0,0.42,1.08,0.48
blown,1,0.955,2.82,0.97
blowy,0,0.595,1.47,0.7
bluer,1,0.805,2.37,0.82
blues,0,0.935,2.67,0.98
bluet,0,0.335,0.75,0.42
bluey,0,0.587,1.54,0.66
bluff,1,0.852,2.26,0.95
blunk,0,0.297,0.82,0.32
blunt,1,0.922,2.62,0.97
blurb,1,0.707,1.78,0.82
blurt,1,0.793,2.03,0.91
blush,1,0.898,2.48,0.97
blype,0,0.078,0.14,0.11
board,1,0.983,2.96,0.98
boast,1,0.86,2.25,0.97
bobac,0,0.095,0.21,0.12
bobby,1,0.898,2.48,0.97
bocal,0,0.108,0.2,0.15
bocca,0,0.242,0.55,0.3
bocce,0,0.357,1.09,0.35
bocoy,0,0.078,0.14,0.11
boden,0,0.19,0.39,0.25
boder,0,0.315,0.78,0.37
bodge,0,0.513,1.46,0.54
bodhi,0,0.268,0.86,0.25
bodle,0,0.225,0.45,0.3
bogan,0,0.265,0.75,0.28
bogey,0,0.763,1.88,0.9
boggy,0,0.662,1.63,0.78
bogie,0,0.513,1.28,0.6
bogle,0,0.51,1.26,0.6
bogue,0,0.212,0.52,0.25
bogum,0,0.06,0.09,0.09
bogus,0,0.813,2.09,0.93
bohea,0,0.117,0.28,0.14
bohor,0,0.105,0.21,0.14
boily,0,0.183,0.41,0.23
boist,0,0.182,0.46,0.21
bokom,0,0.075,0.12,0.11
bolar,0,0.188,0.44,0.23
boldo,0,0.743,1.94,0.84
boled,0,0.185,0.42,0.23
bolis,0,0.132,0.31,0.16
bolly,0,0.325,0.81,0.38
bolti,0,0.242,0.7,0.25
bolus,0,0.227,0.67,0.23
bombo,0,0.305,0.96,0.29
bonce,0,0.322,0.85,0.36
boned,0,0.785,2.04,0.89
boner,0,0.818,2.12,0.93
boney,1,0.665,1.65,0.78
bongo,1,0.685,1.74,0.79
bonny,0,0.582,1.42,0.69
bonus,1,0.963,2.84,0.98
bonze,0,0.338,0.8,0.41
booby,1,0.777,1.93,0.91
boody,0,0.542,1.36,0.63
booky,0,0.333,0.77,0.41
booly,0,0.168,0.35,0.22
boomy,0,0.548,1.49,0.6
boonk,0,0.113,0.23,0.15
boort,0,0.223,0.44,0.3
boose,0,0.558,1.25,0.7
boost,1,0.943,2.75,0.97
boosy,0,0.427,1.0,0.52
booth,1,0.863,2.3,0.96
boots,0,0.985,2.97,0.98
booty,1,0.862,2.32,0.95
booze,1,0.863,2.3,0.96
boozy,1,0.77,1.95,0.89
borak,0,0.11,0.24,0.14
boral,0,0.152,0.31,0.2
borax,1,0.57,1.56,0.62
boree,0,0.232,0.58,0.27
borer,0,0.617,1.63,0.69
borgh,0,0.075,0.12,0.11
boric,0,0.432,1.06,0.51
borne,1,0.8,2.07,0.91
boron,0,0.562,1.33,0.68
borty,0,0.1,0.18,0.14
bortz,0,0.182,0.52,0.19
boryl,0,0.05,0.03,0.09
bosch,0,0.588,1.55,0.66
boser,0,0.197,0.4,0.26
bosky,0,0.165,0.42,0.19
bosom,1,0.652,1.45,0.82
bossy,1,0.92,2.61,0.97
bosun,0,0.337,0.88,0.38
botch,1,0.8,2.04,0.92
bothy,0,0.17,0.39,0.21
bouge,0,0.187,0.46,0.22
bough,1,0.64,1.68,0.72
boule,1,0.34,1.08,0.32
bound,1,0.945,2.76,0.97
bourd,0,0.198,0.44,0.25
bourg,0,0.325,0.93,0.34
bourn,0,0.492,1.24,0.57
bouse,0,0.222,0.61,0.24
bousy,0,0.175,0.39,0.22
bouto,0,0.175,0.45,0.2
bovid,0,0.15,0.39,0.17
bowed,0,0.808,2.12,0.91
bowel,1,0.778,2.0,0.89
bower,0,0.475,1.17,0.56
bowet,0,0.107,0.22,0.14
bowie,0,0.69,1.65,0.83
bowla,0,0.183,0.44,0.22
bowls,0,0.983,2.96,0.98
bowly,0,0.387,0.91,0.47
boxen,0,0.367,0.85,0.45
boxer,1,0.893,2.45,0.97
boxty,0,0.082,0.1,0.13
boyar,0,0.23,0.66,0.24
boyer,0,0.425,1.08,0.49
boyla,0,0.075,0.12,0.11
bozal,0,0.108,0.26,0.13
bozze,0,0.06,0.09,0.09
braca,0,0.133,0.32,0.16
brace,1,0.853,2.27,0.95
brach,0,0.24,0.69,0.25
brack,0,0.29,0.69,0.35
bract,0,0.215,0.57,0.24
braid,1,0.865,2.31,0.96
brail,0,0.518,1.25,0.62
brain,1,0.995,3.0,0.99
brake,1,0.985,2.97,0.98
braky,0,0.198,0.41,0.26
brand,1,0.985,2.97,0.98
brank,0,0.26,0.6,0.32
brant,0,0.425,1.08,0.49
brash,1,0.662,1.72,0.75
brass,1,0.865,2.28,0.97
brave,1,0.967,2.83,0.99
bravo,1,0.828,2.09,0.96
brawl,1,0.827,2.11,0.95
brawn,1,0.853,2.3,0.94
braws,0,0.737,1.87,0.85
braxy,0,0.068,0.05,0.12
braza,0,0.143,0.35,0.17
braze,0,0.493,1.22,0.58
bread,1,0.995,3.0,0.99
break,1,0.995,3.0,0.99
bream,0,0.443,1.16,0.5
breba,0,0.067,0.13,0.09
breck,0,0.425,1.17,0.46
brede,0,0.148,0.41,0.16
bredi,0,0.193,0.59,0.19
breed,1,0.897,2.5,0.96
breek,0,0.233,0.59,0.27
breme,0,0.165,0.36,0.21
brent,0,0.65,1.62,0.76
breth,0,0.187,0.31,0.27
brett,0,0.733,1.73,0.89
breva,0,0.133,0.32,0.16
breve,0,0.238,0.71,0.24
briar,1,0.525,1.35,0.6
bribe,1,0.84,2.16,0.96
brick,1,0.977,2.89,0.99
bride,1,0.862,2.23,0.98
brief,1,0.96,2.85,0.97
brier,0,0.373,1.04,0.4
brill,0,0.507,1.39,0.55
brine,1,0.713,1.85,0.81
bring,1,0.995,3.0,0.99
brink,1,0.772,1.93,0.9
briny,1,0.445,1.17,0.5
brisk,1,0.827,2.17,0.93
briss,0,0.128,0.32,0.15
brith,0,0.193,0.35,0.27
brizz,0,0.115,0.24,0.15
broad,1,0.973,2.93,0.97
broch,0,0.233,0.47,0.31
brock,0,0.647,1.6,0.76
broil,1,0.823,2.15,0.93
broke,1,0.988,2.99,0.98
broll,0,0.26,0.63,0.31
broma,0,0.437,1.39,0.41
brome,0,0.468,1.16,0.55
bronc,0,0.598,1.55,0.68
bronk,0,0.46,1.29,0.49
brood,1,0.66,1.68,0.76
brook,1,0.843,2.21,0.95
brool,0,0.088,0.14,0.13
broom,1,0.947,2.77,0.97
broon,0,0.138,0.2,0.21
brose,0,0.268,0.56,0.35
brosy,0,0.355,1.02,0.37
broth,1,0.87,2.37,0.95
brown,1,0.993,2.99,0.99
brugh,0,0.128,0.2,0.19
bruin,0,0.55,1.53,0.59
bruit,0,0.225,0.57,0.26
bruke,0,0.177,0.58,0.16
brume,0,0.215,0.66,0.21
brunt,1,0.695,1.8,0.79
brush,1,0.988,2.99,0.98
brute,1,0.837,2.14,0.96
bruzz,0,0.16,0.33,0.21
buaze,0,0.052,0.07,0.08
bubal,0,0.07,0.12,0.1
bubby,0,0.797,2.08,0.9
bucca,0,0.155,0.27,0.22
buchu,0,0.082,0.16,0.11
bucko,0,0.378,1.07,0.4
bucky,0,0.67,1.74,0.76
buddy,1,0.963,2.84,0.98
budge,1,0.56,1.47,0.63
buffy,0,0.728,1.79,0.86
bugan,0,0.125,0.3,0.15
buggy,1,0.81,2.1,0.92
bugle,1,0.647,1.48,0.8
bugre,0,0.142,0.28,0.19
build,1,0.995,3.0,0.99
built,1,0.975,2.91,0.98
buist,0,0.102,0.16,0.15
bulak,0,0.088,0.17,0.12
bulby,0,0.215,0.42,0.29
bulge,1,0.855,2.28,0.95
bulgy,0,0.672,1.81,0.74
bulky,1,0.848,2.27,0.94
bulla,0,0.292,0.88,0.29
bully,1,0.927,2.62,0.98
bulse,0,0.188,0.44,0.23
bumbo,0,0.428,1.1,0.49
bumpy,0,0.933,2.69,0.97
bunce,0,0.937,2.74,0.96
bunch,1,0.982,2.95,0.98
bundy,0,0.562,1.54,0.61
bungo,0,0.442,1.21,0.48
bungy,0,0.71,1.77,0.83
bunko,0,0.5,1.35,0.55
bunny,1,0.915,2.55,0.98
bunty,0,0.565,1.44,0.65
bunya,0,0.168,0.47,0.18
buran,0,0.153,0.41,0.17
burao,0,0.048,0.05,0.08
burel,0,0.073,0.11,0.11
buret,0,0.203,0.41,0.27
burgh,0,0.602,1.42,0.73
burin,0,0.123,0.23,0.17
burka,0,0.547,1.57,0.57
burke,0,0.707,1.66,0.86
burly,1,0.743,1.88,0.86
burnt,1,0.982,2.95,0.98
burny,0,0.185,0.42,0.23
burro,0,0.552,1.54,0.59
burry,0,0.323,0.68,0.42
bursa,0,0.262,0.82,0.25
burse,0,0.495,1.2,0.59
burst,1,0.957,2.83,0.97
busby,0,0.345,0.96,0.37
bused,1,0.638,1.73,0.7
bushi,0,0.332,1.18,0.27
bushy,1,0.803,2.06,0.92
busky,0,0.287,0.79,0.31
bussu,0,0.077,0.19,0.09
butch,1,0.872,2.35,0.96
butic,0,0.158,0.35,0.2
butte,1,0.55,1.38,0.64
butty,0,0.543,1.34,0.64
butyl,0,0.292,0.76,0.33
butyr,0,0.09,0.12,0.14
buxom,1,0.635,1.53,0.76
buyer,1,0.955,2.79,0.98
buzzy,0,0.925,2.67,0.96
bylaw,1,0.538,1.4,0.61
byous,0,0.12,0.27,0.15
bysen,0,0.075,0.15,0.1
byway,0,0.5,1.26,0.58
caama,0,0.063,0.08,0.1
cabal,1,0.573,1.49,0.65
caban,0,0.263,0.92,0.22
cabas,0,0.238,0.8,0.21
cabby,1,0.723,1.73,0.87
cabda,0,0.067,0.16,0.08
caber,0,0.313,0.86,0.34
cabin,1,0.847,2.17,0.97
cabio,0,0.097,0.19,0.13
cable,1,0.968,2.9,0.97
cabob,0,0.335,0.96,0.35
cabot,0,0.403,1.1,0.44
cacam,0,0.085,0.15,0.12
cacao,1,0.485,1.32,0.53
cache,1,0.767,2.02,0.86
cacti,1,0.793,2.0,0.92
cacur,0,0.082,0.16,0.11
caddy,1,0.738,1.97,0.82
cader,0,0.183,0.5,0.2
cadet,1,0.727,1.84,0.84
cadew,0,0.08,0.12,0.12
cadge,0,0.253,0.8,0.24
cadgy,0,0.277,0.73,0.31
cados,0,0.105,0.18,0.15
cadre,0,0.445,1.23,0.48
cadua,0,0.063,0.11,0.09
cadus,0,0.092,0.16,0.13
caeca,0,0.062,0.1,0.09
caffa,0,0.083,0.14,0.12
cafiz,0,0.072,0.1,0.11
caged,0,0.852,2.29,0.94
cager,0,0.498,1.28,0.57
cagey,1,0.677,1.78,0.76
caggy,0,0.232,0.58,0.27
cagit,0,0.06,0.09,0.09
cahiz,0,0.05,0.03,0.09
cahot,0,0.077,0.16,0.1
cahow,0,0.1,0.24,0.12
caird,0,0.228,0.59,0.26
cairn,1,0.458,1.16,0.53
cajun,0,0.737,1.9,0.84
caker,0,0.955,2.79,0.98
cakey,0,0.502,1.15,0.62
calid,0,0.13,0.33,0.15
calix,0,0.167,0.46,0.18
calli,0,0.173,0.38,0.22
callo,0,0.398,1.16,0.41
calmy,0,0.342,1.0,0.35
calor,0,0.25,0.78,0.24
calve,0,0.583,1.52,0.66
calyx,0,0.27,0.78,0.28
caman,0,0.153,0.35,0.19
camel,1,0.85,2.16,0.98
cameo,1,0.7,1.71,0.83
campo,0,0.392,1.21,0.38
camus,0,0.293,0.74,0.34
canal,1,0.827,2.11,0.95
canch,0,0.213,0.65,0.21
candy,1,0.992,2.98,0.99
canel,0,0.218,0.5,0.27
caner,0,0.232,0.46,0.31
canid,0,0.242,0.73,0.24
canna,0,0.322,0.97,0.32
canny,1,0.64,1.68,0.72
canoe,1,0.798,1.97,0.94
canon,1,0.785,1.95,0.92
canso,0,0.157,0.31,0.21
canto,0,0.363,1.04,0.38
canty,0,0.118,0.14,0.19
canun,0,0.088,0.17,0.12
caoba,0,0.11,0.27,0.13
capax,0,0.07,0.15,0.09
caped,0,0.71,1.77,0.83
capel,0,0.545,1.44,0.61
caper,1,0.692,1.84,0.77
capes,0,0.805,2.07,0.92
capon,0,0.31,0.9,0.32
capot,0,0.172,0.4,0.21
cappy,0,0.55,1.44,0.62
capsa,0,0.333,1.01,0.33
caput,1,0.128,0.17,0.2
carat,1,0.7,1.8,0.8
carbo,0,0.492,1.51,0.48
cardo,0,0.773,2.15,0.83
carer,0,0.882,2.44,0.95
caret,0,0.402,1.09,0.44
carga,0,0.333,0.98,0.34
cargo,1,0.818,2.12,0.93
carid,0,0.113,0.23,0.15
carls,0,0.498,1.19,0.6
caroa,0,0.092,0.16,0.13
carob,0,0.282,0.94,0.25
carol,1,0.872,2.32,0.97
carom,0,0.478,1.22,0.55
carry,1,0.99,3.0,0.98
carse,0,0.468,1.13,0.56
carte,0,0.49,1.29,0.55
carty,0,0.455,1.11,0.54
carua,0,0.08,0.15,0.11
carve,1,0.875,2.37,0.96
caryl,0,0.31,0.69,0.39
casal,0,0.227,0.58,0.26
casco,0,0.207,0.55,0.23
cased,0,0.708,1.91,0.78
caser,0,0.383,0.89,0.47
casha,0,0.14,0.42,0.14
casse,0,0.408,1.25,0.4
caste,1,0.672,1.75,0.76
catan,0,0.467,1.06,0.58
catch,1,0.993,2.99,0.99
cater,1,0.855,2.31,0.94
catty,1,0.57,1.29,0.71
cauch,0,0.152,0.37,0.18
cauda,0,0.135,0.27,0.18
cauld,0,0.593,1.34,0.74
caulk,1,0.687,1.84,0.76
cauma,0,0.088,0.2,0.11
caupo,0,0.092,0.19,0.12
cause,1,0.987,2.98,0.98
cavae,0,0.118,0.23,0.16
caval,0,0.31,0.66,0.4
cavel,0,0.303,0.62,0.4
cavie,0,0.157,0.37,0.19
cavil,1,0.348,1.04,0.35
cavus,0,0.083,0.11,0.13
cawky,0,0.195,0.33,0.28
caxon,0,0.163,0.32,0.22
cease,1,0.788,1.94,0.93
cebid,0,0.047,0.04,0.08
cebil,0,0.107,0.22,0.14
cebur,0,0.115,0.27,0.14
cedar,1,0.792,1.96,0.93
ceder,0,0.51,1.08,0.66
cedre,0,0.272,0.79,0.28
cedry,0,0.237,0.46,0.32
ceibo,0,0.078,0.17,0.1
ceile,0,0.112,0.22,0.15
cella,0,0.43,1.17,0.47
cello,1,0.733,1.76,0.88
cense,0,0.297,0.76,0.34
cento,0,0.213,0.5,0.26
ceorl,0,0.082,0.16,0.11
cequi,0,0.05,0.06,0.08
ceral,0,0.152,0.31,0.2
ceras,0,0.1,0.15,0.15
cerci,0,0.073,0.14,0.1
cered,0,0.138,0.29,0.18
cerer,0,0.135,0.24,0.19
ceria,0,0.148,0.29,0.2
ceric,0,0.137,0.22,0.2
cerin,0,0.09,0.18,0.12
certy,0,0.167,0.37,0.21
ceryl,0,0.232,0.43,0.32
cetic,0,0.083,0.14,0.12
cetin,0,0.068,0.08,0.11
cetyl,0,0.153,0.38,0.18
chack,0,0.185,0.39,0.24
chafe,1,0.515,1.5,0.53
chaff,1,0.52,1.26,0.62
chaft,0,0.208,0.41,0.28
chain,1,0.97,2.88,0.98
chair,1,0.995,3.0,0.99
chais,0,0.482,1.18,0.57
chaja,0,0.07,0.12,0.1
chaka,0,0.315,0.87,0.34
chalk,1,0.938,2.69,0.98
champ,1,0.84,2.25,0.93
chang,0,0.565,1.59,0.6
chank,0,0.182,0.43,0.22
chant,1,0.793,1.97,0.93
chaos,1,0.905,2.52,0.97
chape,0,0.337,0.67,0.45
chaps,0,0.65,1.56,0.78
chapt,0,0.282,0.7,0.33
chard,1,0.545,1.47,0.6
chare,0,0.298,0.65,0.38
chark,0,0.152,0.31,0.2
charm,1,0.913,2.57,0.97
charr,0,0.562,1.63,0.58
chart,1,0.962,2.86,0.97
chary,0,0.352,1.09,0.34
chase,1,0.972,2.89,0.98
chasm,1,0.69,1.74,0.8
chati,0,0.143,0.38,0.16
chauk,0,0.098,0.17,0.14
chaus,0,0.138,0.26,0.19
chawk,0,0.357,0.79,0.45
chawl,0,0.112,0.28,0.13
chaya,0,0.185,0.48,0.21
cheap,1,0.99,3.0,0.98
cheat,1,0.973,2.9,0.98
check,1,0.995,3.0,0.99
cheek,1,0.98,2.94,0.98
cheep,0,0.815,2.13,0.92
cheer,1,0.975,2.91,0.98
cheet,0,0.267,0.61,0.33
cheir,0,0.088,0.08,0.15
cheke,0,0.135,0.27,0.18
cheki,0,0.138,0.35,0.16
chela,0,0.148,0.29,0.2
chelp,0,0.185,0.45,0.22
chena,0,0.113,0.17,0.17
cheng,0,0.167,0.37,0.21
chert,0,0.185,0.39,0.24
chess,1,0.857,2.2,0.98
chest,1,0.985,2.97,0.98
cheth,0,0.088,0.14,0.13
cheve,0,0.172,0.4,0.21
chevy,0,0.795,2.04,0.91
chewy,0,0.927,2.68,0.96
chick,1,0.967,2.86,0.98
chico,0,0.657,1.72,0.74
chide,1,0.52,1.29,0.61
chief,1,0.923,2.63,0.97
chien,0,0.253,0.53,0.33
child,1,0.993,2.99,0.99
chile,0,0.8,2.1,0.9
chili,1,0.93,2.67,0.97
chill,1,0.988,2.99,0.98
chime,1,0.833,2.21,0.93
china,1,0.957,2.8,0.98
chine,0,0.42,0.84,0.56
ching,0,0.468,1.31,0.5
chink,0,0.67,1.59,0.81
chino,0,0.81,2.16,0.9
chint,0,0.247,0.73,0.25
chips,0,0.987,2.98,0.98
chirk,0,0.265,0.78,0.27
chirm,0,0.097,0.19,0.13
chiro,0,0.422,1.09,0.48
chirp,1,0.848,2.24,0.95
chirr,0,0.232,0.61,0.26
chive,0,0.703,1.88,0.78
chlor,0,0.263,0.59,0.33
choca,0,0.118,0.26,0.15
chock,1,0.73,1.77,0.87
choel,0,0.078,0.14,0.11
choga,0,0.072,0.13,0.1
choil,0,0.142,0.22,0.21
choir,1,0.797,1.99,0.93
choke,1,0.947,2.74,0.98
choky,0,0.187,0.4,0.24
chola,0,0.342,1.06,0.33
chold,0,0.115,0.27,0.14
choli,0,0.127,0.34,0.14
chomp,0,0.815,2.1,0.93
choop,0,0.253,0.62,0.3
chopa,0,0.12,0.3,0.14
chord,1,0.793,1.97,0.93
chore,1,0.972,2.92,0.97
chort,0,0.225,0.6,0.25
chose,1,0.957,2.8,0.98
chott,0,0.115,0.21,0.16
choup,0,0.27,0.75,0.29
chous,0,0.312,0.7,0.39
chowk,0,0.158,0.41,0.18
choya,0,0.145,0.33,0.18
chria,0,0.133,0.35,0.15
chuck,1,0.893,2.45,0.97
chufa,0,0.085,0.18,0.11
chuff,0,0.472,1.3,0.51
chump,1,0.722,1.84,0.83
chunk,1,0.91,2.58,0.96
churl,0,0.305,0.84,0.33
churm,0,0.267,0.73,0.29
churn,1,0.612,1.66,0.67
churr,0,0.31,0.87,0.33
chute,1,0.66,1.74,0.74
chyak,0,0.06,0.09,0.09
chyle,0,0.123,0.26,0.16
chyme,0,0.198,0.59,0.2
cibol,0,0.158,0.38,0.19
cicad,0,0.333,1.01,0.33
cicer,0,0.157,0.28,0.22
cider,1,0.807,2.05,0.93
cigar,1,0.828,2.06,0.97
cigua,0,0.12,0.3,0.14
cilia,0,0.433,1.07,0.51
cimex,0,0.058,0.08,0.09
cinch,1,0.802,2.11,0.9
cinct,0,0.123,0.26,0.16
cinel,0,0.093,0.17,0.13
circa,1,0.552,1.42,0.63
cirri,0,0.103,0.2,0.14
cisco,0,0.567,1.18,0.74
cista,0,0.257,0.64,0.3
citee,0,0.103,0.23,0.13
citer,0,0.213,0.5,0.26
citua,0,0.068,0.11,0.1
civet,0,0.365,1.05,0.38
civic,1,0.813,2.12,0.92
civil,1,0.933,2.66,0.98
civvy,0,0.257,0.7,0.28
clack,1,0.852,2.32,0.93
claim,1,0.947,2.77,0.97
clamb,0,0.263,0.71,0.29
clame,0,0.34,0.78,0.42
clamp,1,0.842,2.2,0.95
clang,1,0.857,2.32,0.94
clank,1,0.828,2.18,0.93
clapt,0,0.35,0.9,0.4
clark,0,0.792,1.99,0.92
claro,0,0.353,0.83,0.43
clart,0,0.137,0.31,0.17
clary,0,0.528,1.37,0.6
clash,1,0.865,2.31,0.96
clasp,1,0.827,2.2,0.92
class,1,0.988,2.99,0.98
claut,0,0.187,0.43,0.23
clava,0,0.183,0.47,0.21
clave,0,0.385,1.17,0.38
clavy,0,0.235,0.51,0.3
clawk,0,0.178,0.38,0.23
clead,0,0.155,0.39,0.18
cleam,0,0.572,1.51,0.64
clean,1,0.995,3.0,0.99
clear,1,0.995,3.0,0.99
cleat,1,0.65,1.71,0.73
cleck,0,0.172,0.34,0.23
cleek,0,0.148,0.23,0.22
cleft,1,0.705,1.77,0.82
clerk,1,0.927,2.65,0.97
cleve,0,0.37,0.96,0.42
click,1,0.988,2.99,0.98
cliff,1,0.898,2.48,0.97
clift,0,0.573,1.43,0.67
clima,0,0.547,1.63,0.55
climb,1,0.978,2.93,0.98
clime,0,0.592,1.39,0.72
cline,0,0.215,0.54,0.25
cling,1,0.915,2.64,0.95
clink,1,0.85,2.31,0.93
clint,0,0.695,1.68,0.83
clips,0,0.932,2.71,0.96
clipt,0,0.607,1.63,0.67
clite,0,0.172,0.34,0.23
clive,0,0.665,1.47,0.84
cloak,1,0.75,1.74,0.92
cloam,0,0.137,0.28,0.18
clock,1,0.995,3.0,0.99
cloff,0,0.078,0.14,0.11
cloit,0,0.143,0.29,0.19
clomb,0,0.218,0.59,0.24
clone,1,0.823,2.12,0.94
cloof,0,0.1,0.15,0.15
cloop,0,0.215,0.54,0.25
cloot,0,0.222,0.49,0.28
close,1,0.995,3.0,0.99
closh,0,0.153,0.29,0.21
clote,0,0.347,1.0,0.36
cloth,1,0.982,2.95,0.98
cloud,1,0.993,2.99,0.99
clour,0,0.6,1.44,0.72
clout,1,0.755,1.98,0.85
clove,1,0.807,2.05,0.93
clown,1,0.927,2.62,0.98
cluck,1,0.887,2.41,0.97
clued,1,0.795,2.13,0.88
cluff,0,0.132,0.28,0.17
clump,1,0.847,2.26,0.94
clung,1,0.81,2.13,0.91
clunk,0,0.84,2.22,0.94
clyer,0,0.145,0.3,0.19
clype,0,0.1,0.21,0.13
cnida,0,0.048,0.05,0.08
coach,1,0.968,2.87,0.98
coact,0,0.215,0.45,0.28
coaid,0,0.133,0.29,0.17
coaly,0,0.163,0.29,0.23
coapt,0,0.287,0.91,0.27
coarb,0,0.072,0.16,0.09
coast,1,0.977,2.92,0.98
coati,0,0.262,0.88,0.23
coaxy,0,0.378,1.01,0.42
cobby,0,0.37,0.96,0.42
cobia,0,0.223,0.71,0.21
coble,0,0.225,0.54,0.27
cobra,1,0.793,1.97,0.93
cocci,0,0.138,0.32,0.17
cocco,0,0.238,0.47,0.32
cocky,0,0.882,2.41,0.96
cocoa,1,0.853,2.24,0.96
coder,0,0.83,2.19,0.93
codex,0,0.397,1.06,0.44
codol,0,0.118,0.23,0.16
codon,0,0.293,0.8,0.32
cogon,0,0.108,0.23,0.14
cogue,0,0.08,0.18,0.1
cohol,0,0.302,0.76,0.35
coign,0,0.097,0.13,0.15
coiny,0,0.202,0.46,0.25
coker,0,0.443,1.13,0.51
colic,0,0.683,1.7,0.8
colin,0,0.823,2.15,0.93
colly,0,0.273,0.53,0.37
colon,1,0.895,2.49,0.96
color,1,0.967,2.89,0.97
colza,0,0.105,0.24,0.13
comal,0,0.237,0.73,0.23
comby,0,0.555,1.47,0.62
comer,0,0.742,2.32,0.71
comes,0,0.992,2.98,0.99
comet,1,0.813,2.0,0.96
comfy,1,0.905,2.67,0.92
comic,1,0.955,2.79,0.98
comma,1,0.958,2.81,0.98
compo,0,0.353,1.13,0.33
conal,0,0.12,0.21,0.17
conch,1,0.667,1.63,0.79
condo,1,0.812,2.11,0.92
coned,0,0.642,1.66,0.73
coner,0,0.313,0.68,0.4
cones,0,0.932,2.68,0.97
conga,0,0.632,1.69,0.7
conic,1,0.467,1.09,0.57
conin,0,0.09,0.15,0.13
conky,0,0.12,0.24,0.16
conte,0,0.392,1.09,0.42
conto,0,0.203,0.53,0.23
conus,0,0.128,0.26,0.17
cooba,0,0.105,0.27,0.12
cooee,0,0.248,0.68,0.27
cooer,0,0.26,0.63,0.31
cooja,0,0.073,0.14,0.1
cooky,0,0.663,1.49,0.83
cooly,0,0.765,1.89,0.9
coomb,0,0.318,0.65,0.42
coomy,0,0.137,0.28,0.18
coony,0,0.377,0.91,0.45
coost,0,0.202,0.46,0.25
copal,0,0.165,0.42,0.19
copei,0,0.163,0.65,0.11
copen,0,0.552,1.57,0.58
coper,0,0.485,1.17,0.58
copis,0,0.088,0.17,0.12
coppy,0,0.257,0.67,0.29
copra,0,0.203,0.62,0.2
copse,1,0.397,1.12,0.42
copsy,0,0.133,0.29,0.17
copus,0,0.157,0.34,0.2
coque,0,0.222,0.61,0.24
corah,0,0.143,0.32,0.18
coral,1,0.813,2.03,0.95
coram,0,0.115,0.21,0.16
cordy,0,0.278,0.71,0.32
cored,0,0.555,1.44,0.63
corer,1,0.663,1.76,0.74
corge,0,0.132,0.34,0.15
corgi,0,0.67,1.71,0.77
corke,0,0.255,0.54,0.33
corky,0,0.638,1.61,0.74
cornu,0,0.238,0.47,0.32
corny,1,0.88,2.4,0.96
coroa,0,0.188,0.41,0.24
corol,0,0.453,1.13,0.53
corps,0,0.807,2.08,0.92
corse,0,0.228,0.41,0.32
corta,0,0.185,0.51,0.2
coryl,0,0.135,0.3,0.17
cosec,0,0.1,0.24,0.12
coset,0,0.455,1.17,0.52
cosse,0,0.117,0.22,0.16
costa,0,0.647,1.78,0.7
cotch,0,0.26,0.42,0.38
cothe,0,0.117,0.25,0.15
cothy,0,0.24,0.45,0.33
cotta,0,0.247,0.64,0.28
cotte,0,0.182,0.49,0.2
cotty,0,0.277,0.64,0.34
couac,0,0.163,0.41,0.19
couch,1,0.98,2.94,0.98
coude,0,0.19,0.48,0.22
cough,1,0.988,2.99,0.98
could,1,0.993,2.99,0.99
couma,0,0.15,0.36,0.18
count,1,0.987,2.98,0.98
coupe,1,0.608,1.67,0.66
courb,0,0.217,0.46,0.28
court,1,0.963,2.84,0.98
couth,0,0.237,0.61,0.27
coved,0,0.462,1.21,0.52
coven,1,0.55,1.38,0.64
cover,1,0.995,3.0,0.99
covet,1,0.743,1.82,0.88
covey,1,0.488,1.22,0.57
covid,0,0.928,2.72,0.95
covin,0,0.3,0.84,0.32
cowal,0,0.262,0.58,0.33
cower,1,0.753,1.91,0.87
cowle,0,0.145,0.21,0.22
coxal,0,0.107,0.19,0.15
coyan,0,0.305,0.72,0.37
coyly,1,0.457,1.21,0.51
coyol,0,0.112,0.28,0.13
coypu,0,0.165,0.48,0.17
cozen,0,0.483,1.37,0.51
crack,1,0.987,2.98,0.98
craft,1,0.928,2.63,0.98
crain,0,0.697,1.75,0.81
crake,0,0.7,1.77,0.81
cramp,1,0.853,2.27,0.95
crane,1,0.847,2.17,0.97
crank,1,0.875,2.4,0.95
crape,0,0.64,1.62,0.74
craps,0,0.728,1.79,0.86
crapy,0,0.535,1.32,0.63
crare,0,0.133,0.29,0.17
crash,1,0.983,2.96,0.98
crass,1,0.732,1.81,0.86
crate,1,0.865,2.34,0.95
crave,1,0.812,2.02,0.95
cravo,0,0.263,0.83,0.25
crawl,1,0.942,2.74,0.97
crawm,0,0.6,1.32,0.76
craze,1,0.832,2.14,0.95
crazy,1,0.99,2.97,0.99
creak,1,0.903,2.54,0.96
cream,1,0.993,2.99,0.99
creat,0,0.22,0.54,0.26
credo,1,0.54,1.44,0.6
creed,1,0.763,1.85,0.91
creek,1,0.853,2.24,0.96
creel,0,0.268,0.77,0.28
creem,0,0.368,1.07,0.38
creen,0,0.162,0.34,0.21
creep,1,0.928,2.66,0.97
creme,1,0.76,1.95,0.87
crena,0,0.092,0.19,0.12
crepe,1,0.6,1.65,0.65
crept,1,0.808,2.09,0.92
crepy,0,0.535,1.23,0.66
cress,1,0.627,1.54,0.74
crest,1,0.827,2.11,0.95
creta,0,0.502,1.24,0.59
cribo,0,0.122,0.25,0.16
crick,1,0.867,2.35,0.95
cried,1,0.992,2.98,0.99
crier,1,0.37,1.17,0.35
criey,0,0.092,0.19,0.12
crile,0,0.088,0.14,0.13
crime,1,0.983,2.96,0.98
crimp,1,0.625,1.59,0.72
crine,0,0.127,0.22,0.18
crink,0,0.523,1.46,0.56
crisp,1,0.932,2.68,0.97
criss,0,0.478,1.22,0.55
crith,0,0.053,0.05,0.09
croak,1,0.775,1.89,0.92
croci,0,0.18,0.42,0.22
crock,1,0.807,2.08,0.92
croft,0,0.302,0.82,0.33
crome,0,0.773,1.97,0.89
crone,1,0.648,1.55,0.78
cronk,0,0.133,0.23,0.19
crony,1,0.673,1.79,0.75
crood,0,0.333,0.86,0.38
crook,1,0.867,2.32,0.96
crool,0,0.252,0.58,0.31
croon,0,0.643,1.58,0.76
crore,0,0.105,0.27,0.12
crosa,0,0.153,0.29,0.21
cross,1,0.993,2.99,0.99
croup,1,0.568,1.43,0.66
crout,0,0.433,1.1,0.5
crowd,1,0.982,2.95,0.98
crowl,0,0.765,1.98,0.87
crown,1,0.922,2.59,0.98
croze,0,0.09,0.15,0.13
cruce,0,0.193,0.44,0.24
cruck,0,0.282,0.55,0.38
crude,1,0.927,2.65,0.97
cruel,1,0.875,2.34,0.97
cruet,0,0.435,1.23,0.46
crumb,1,0.922,2.62,0.97
crump,1,0.543,1.43,0.61
crunk,0,0.425,1.26,0.43
crunt,0,0.282,0.79,0.3
cruor,0,0.045,0.03,0.08
cruse,0,0.683,1.73,0.79
crush,1,0.967,2.86,0.98
crust,1,0.935,2.7,0.97
cruth,0,0.08,0.09,0.13
crypt,1,0.712,1.69,0.86
ctene,0,0.038,0.02,0.07
cubby,0,0.677,1.78,0.76
cubeb,0,0.203,0.44,0.26
cuber,0,0.448,1.22,0.49
cubic,1,0.785,1.95,0.92
cubit,0,0.283,0.89,0.27
cuddy,0,0.52,1.5,0.54
cueca,0,0.068,0.14,0.09
cuffy,0,0.475,1.29,0.52
culet,0,0.142,0.31,0.18
culla,0,0.248,0.83,0.22
cully,0,0.373,1.1,0.38
culmy,0,0.053,0.05,0.09
culpa,0,0.397,1.3,0.36
cumal,0,0.08,0.12,0.12
cumay,0,0.087,0.13,0.13
cumbu,0,0.077,0.16,0.1
cumic,0,0.098,0.17,0.14
cumin,1,0.617,1.66,0.68
cumol,0,0.062,0.07,0.1
cumyl,0,0.055,0.06,0.09
cunye,0,0.083,0.17,0.11
cupay,0,0.077,0.16,0.1
cupel,0,0.125,0.24,0.17
cuppy,0,0.34,0.9,0.38
curby,0,0.285,0.75,0.32
curch,0,0.105,0.15,0.16
curdy,0,0.572,1.51,0.64
curer,0,0.658,1.76,0.73
curie,0,0.585,1.38,0.71
curin,0,0.123,0.26,0.16
curio,1,0.625,1.5,0.75
curly,1,0.943,2.72,0.98
curry,1,0.9,2.49,0.97
curse,1,0.907,2.53,0.97
curst,0,0.358,0.59,0.52
curua,0,0.053,0.08,0.08
curve,1,0.967,2.86,0.98
curvy,1,0.928,2.66,0.97
cusec,0,0.068,0.11,0.1
cushy,0,0.735,1.92,0.83
cusie,0,0.227,0.55,0.27
cusso,0,0.113,0.29,0.13
cutch,0,0.172,0.43,0.2
cutie,1,0.897,2.53,0.95
cutin,0,0.352,0.4,0.57
cutis,0,0.117,0.16,0.18
cutty,0,0.535,1.29,0.64
cutup,0,0.703,1.91,0.77
cyath,0,0.108,0.2,0.15
cyber,1,0.83,2.25,0.91
cycad,0,0.178,0.5,0.19
cycle,1,0.962,2.86,0.97
cylix,0,0.078,0.11,0.12
cymar,0,0.092,0.16,0.13
cymba,0,0.453,1.16,0.52
cynic,1,0.822,2.14,0.93
cypre,0,0.295,0.66,0.37
cyrus,0,0.567,1.3,0.7
cyton,0,0.085,0.09,0.14
dabba,0,0.143,0.35,0.17
dabby,0,0.317,0.82,0.36
dadap,0,0.125,0.36,0.13
daddy,1,0.977,2.92,0.98
daffy,0,0.82,2.1,0.94
dagga,0,0.215,0.6,0.23
daggy,0,0.388,1.13,0.4
daily,1,0.987,2.98,0.98
daira,0,0.218,0.65,0.22
dairi,0,0.592,1.78,0.59
dairy,1,0.957,2.8,0.98
daisy,1,0.903,2.48,0.98
daiva,0,0.058,0.05,0.1
daker,0,0.133,0.26,0.18
dakir,0,0.057,0.07,0.09
dalar,0,0.167,0.46,0.18
daler,0,0.142,0.31,0.18
dalle,0,0.185,0.42,0.23
dally,1,0.8,2.16,0.88
daman,0,0.308,0.83,0.34
damie,0,0.132,0.31,0.16
damme,0,0.153,0.44,0.16
dampy,0,0.687,1.66,0.82
dance,1,0.992,2.98,0.99
danda,0,0.097,0.22,0.12
dandy,1,0.627,1.45,0.77
danio,0,0.13,0.27,0.17
danli,0,0.055,0.06,0.09
danta,0,0.153,0.38,0.18
darac,0,0.055,0.06,0.09
daraf,0,0.053,0.05,0.09
darat,0,0.13,0.3,0.16
darby,0,0.495,1.2,0.59
darer,0,0.483,1.13,0.59
daric,0,0.083,0.11,0.13
darky,0,0.623,1.34,0.8
daroo,0,0.09,0.21,0.11
darst,0,0.09,0.15,0.13
darts,0,0.815,2.07,0.94
dashy,0,0.368,1.07,0.38
dasnt,0,0.17,0.36,0.22
dassy,0,0.193,0.5,0.22
datch,0,0.19,0.57,0.19
dater,0,0.858,2.42,0.91
datil,0,0.117,0.25,0.15
datum,1,0.342,0.94,0.37
daube,0,0.23,0.78,0.2
dauby,0,0.127,0.22,0.18
daunt,1,0.563,1.43,0.65
daven,0,0.583,1.64,0.62
daver,0,0.43,1.05,0.51
davit,0,0.548,1.07,0.74
dawdy,0,0.372,1.0,0.41
dawny,0,0.212,0.34,0.31
dawut,0,0.053,0.08,0.08
dayal,0,0.057,0.07,0.09
dazed,0,0.807,2.08,0.92
deair,0,0.127,0.31,0.15
dealt,1,0.93,2.7,0.96
deary,0,0.75,1.83,0.89
deash,0,0.108,0.2,0.15
death,1,0.978,2.9,0.99
deave,0,0.13,0.3,0.16
debar,1,0.513,1.37,0.57
debby,0,0.79,1.98,0.92
deben,0,0.3,0.84,0.32
debit,1,0.888,2.48,0.95
debug,1,0.703,1.61,0.87
debus,0,0.147,0.31,0.19
debut,1,0.793,2.0,0.92
decad,0,0.222,0.46,0.29
decal,1,0.677,1.78,0.76
decan,0,0.162,0.37,0.2
decap,0,0.283,0.77,0.31
decay,1,0.828,2.12,0.95
decil,0,0.15,0.3,0.2
decke,0,0.248,0.89,0.2
decor,1,0.867,2.38,0.94
decoy,1,0.768,1.91,0.9
decry,1,0.185,0.45,0.22
decus,0,0.1,0.15,0.15
decyl,0,0.088,0.14,0.13
deedy,0,0.24,0.54,0.3
defat,0,0.122,0.28,0.15
defer,1,0.765,1.98,0.87
defog,0,0.623,1.76,0.66
degas,0,0.338,1.07,0.32
degum,0,0.083,0.17,0.11
deice,0,0.577,1.57,0.63
deify,0,0.282,0.94,0.25
deign,1,0.547,1.27,0.67
deink,0,0.117,0.25,0.15
deism,0,0.292,0.97,0.26
deist,0,0.28,0.93,0.25
deity,1,0.717,1.69,0.87
dekko,0,0.083,0.14,0.12
dekle,0,0.082,0.16,0.11
delay,1,0.977,2.92,0.98
delft,0,0.358,0.98,0.39
delta,1,0.802,2.02,0.93
delve,1,0.635,1.68,0.71
demal,0,0.132,0.22,0.19
demit,0,0.335,0.84,0.39
demob,0,0.277,0.79,0.29
demon,1,0.837,2.11,0.97
demos,0,0.598,1.58,0.67
demur,1,0.402,1.12,0.43
denat,0,0.152,0.31,0.2
denda,0,0.127,0.28,0.16
denim,1,0.928,2.66,0.97
dense,1,0.918,2.6,0.97
denty,0,0.323,0.68,0.42
deota,0,0.068,0.08,0.11
depas,0,0.075,0.15,0.1
depoh,0,0.077,0.16,0.1
depot,1,0.743,1.88,0.86
depth,1,0.943,2.72,0.98
derah,0,0.095,0.21,0.12
derat,0,0.113,0.26,0.14
deray,0,0.113,0.29,0.13
derby,1,0.783,1.94,0.92
deric,0,0.41,0.87,0.53
derma,0,0.313,0.74,0.38
derry,0,0.467,1.27,0.51
desex,0,0.088,0.17,0.12
desma,0,0.083,0.14,0.12
dessa,0,0.12,0.27,0.15
desyl,0,0.053,0.05,0.09
detar,0,0.077,0.16,0.1
detax,0,0.387,1.12,0.4
deter,1,0.825,2.16,0.93
detin,0,0.07,0.09,0.11
detox,1,0.838,2.24,0.93
detur,0,0.083,0.17,0.11
deuce,1,0.727,1.78,0.86
devil,1,0.952,2.74,0.99
devow,0,0.2,0.45,0.25
dewan,0,0.148,0.35,0.18
dewax,0,0.435,1.29,0.44
dewer,0,0.535,1.32,0.63
dhabb,0,0.087,0.16,0.12
dhava,0,0.05,0.06,0.08
dheri,0,0.057,0.07,0.09
dhobi,0,0.108,0.26,0.13
dhole,0,0.26,0.6,0.32
dhoni,0,0.202,0.34,0.29
dhoon,0,0.112,0.19,0.16
dhoti,0,0.158,0.59,0.12
dhoul,0,0.115,0.24,0.15
dhyal,0,0.092,0.19,0.12
diact,0,0.082,0.13,0.12
diamb,0,0.055,0.12,0.07
diary,1,0.922,2.59,0.98
dicer,0,0.77,2.01,0.87
dicey,1,0.618,1.52,0.73
dicky,0,0.657,1.57,0.79
dicot,0,0.292,0.79,0.32
dicta,0,0.212,0.43,0.28
diddy,0,0.708,1.97,0.76
didie,0,0.153,0.44,0.16
didle,0,0.838,2.33,0.9
didna,0,0.235,0.66,0.25
didnt,0,0.883,2.6,0.9
didst,0,0.163,0.17,0.27
didym,0,0.077,0.13,0.11
diene,0,0.16,0.27,0.23
dight,0,0.127,0.19,0.19
digit,1,0.932,2.68,0.97
diker,0,0.095,0.18,0.13
dildo,0,0.708,1.73,0.84
dilli,0,0.467,1.24,0.52
dilly,1,0.608,1.46,0.73
dimer,0,0.382,0.97,0.44
dimit,0,0.307,0.94,0.3
dimly,1,0.73,1.92,0.82
dimps,0,0.18,0.45,0.21
dinar,0,0.368,1.13,0.36
diner,1,0.853,2.24,0.96
dinge,0,0.152,0.37,0.18
dingo,1,0.552,1.33,0.66
dingy,1,0.687,1.72,0.8
dinic,0,0.075,0.12,0.11
dinky,0,0.572,1.51,0.64
dinus,0,0.517,1.18,0.64
diode,1,0.54,1.32,0.64
diose,0,0.105,0.21,0.14
diota,0,0.098,0.17,0.14
dioxy,0,0.217,0.46,0.28
dirge,1,0.425,1.11,0.48
dirty,1,0.995,3.0,0.99
disco,1,0.822,2.05,0.96
disme,0,0.268,0.59,0.34
disna,0,0.112,0.22,0.15
dital,0,0.115,0.21,0.16
ditch,1,0.897,2.5,0.96
diter,0,0.223,0.53,0.27
ditto,1,0.835,2.19,0.94
ditty,1,0.668,1.67,0.78
divan,0,0.5,1.32,0.56
divel,0,0.245,0.45,0.34
diver,1,0.845,2.19,0.96
divot,0,0.58,1.44,0.68
divus,0,0.09,0.15,0.13
divvy,0,0.437,1.33,0.43
dixie,0,0.758,1.82,0.91
dixit,0,0.31,0.87,0.33
dizen,0,0.098,0.26,0.11
dizzy,1,0.95,2.79,0.97
djave,0,0.132,0.28,0.17
dobby,0,0.647,1.6,0.76
dobla,0,0.105,0.21,0.14
dobra,0,0.113,0.2,0.16
doddy,0,0.228,0.56,0.27
dodge,1,0.902,2.5,0.97
dodgy,1,0.748,1.97,0.84
doest,0,0.218,0.38,0.31
dogal,0,0.113,0.26,0.14
doggo,0,0.6,1.53,0.69
doggy,0,0.902,2.5,0.97
dogie,0,0.162,0.34,0.21
dogly,0,0.292,0.7,0.35
dogma,1,0.677,1.72,0.78
doigt,0,0.143,0.26,0.2
doily,0,0.562,1.36,0.67
doina,0,0.08,0.09,0.13
doing,1,0.995,3.0,0.99
dolia,0,0.087,0.13,0.13
dolly,1,0.812,2.05,0.94
dolor,0,0.223,0.5,0.28
domal,0,0.107,0.22,0.14
domba,0,0.09,0.18,0.12
domer,0,0.217,0.55,0.25
domic,0,0.153,0.29,0.21
dompt,0,0.102,0.28,0.11
donax,0,0.05,0.03,0.09
donee,0,0.27,0.78,0.28
doney,0,0.283,0.62,0.36
donga,0,0.213,0.65,0.21
donna,0,0.875,2.4,0.95
donor,1,0.832,2.14,0.95
donum,0,0.157,0.25,0.23
donut,1,0.942,2.74,0.97
dooja,0,0.087,0.19,0.11
dooli,0,0.117,0.28,0.14
dooly,0,0.19,0.39,0.25
dooms,0,0.523,1.19,0.65
doper,0,0.542,1.51,0.58
dopey,1,0.778,1.91,0.92
dorab,0,0.062,0.07,0.1
dorad,0,0.127,0.28,0.16
doree,0,0.23,0.54,0.28
doria,0,0.325,0.93,0.34
dorje,0,0.07,0.12,0.1
dormy,0,0.385,0.96,0.45
dorts,0,0.575,1.5,0.65
dorty,0,0.22,0.51,0.27
doser,0,0.368,1.01,0.4
dosis,0,0.54,1.41,0.61
dotal,0,0.193,0.38,0.26
doted,0,0.668,1.67,0.78
doter,0,0.447,1.18,0.5
dotty,0,0.782,2.08,0.87
douar,0,0.088,0.14,0.13
doubt,1,0.98,2.94,0.98
douce,0,0.193,0.47,0.23
dough,1,0.953,2.78,0.98
douse,0,0.537,1.39,0.61
dover,0,0.748,1.79,0.9
dowdy,1,0.485,1.23,0.56
dowed,0,0.225,0.48,0.29
dowel,1,0.608,1.52,0.71
dower,0,0.312,0.79,0.36
dowie,0,0.123,0.2,0.18
downy,1,0.825,2.22,0.91
dowry,1,0.618,1.52,0.73
dowse,0,0.388,1.07,0.42
dozed,0,0.767,1.99,0.87
dozen,1,0.94,2.7,0.98
dozer,0,0.675,1.77,0.76
draff,0,0.177,0.37,0.23
draft,1,0.953,2.81,0.97
drago,0,0.42,1.17,0.45
drail,0,0.215,0.48,0.27
drain,1,0.973,2.93,0.97
drake,1,0.81,2.07,0.93
drama,1,0.967,2.86,0.98
dramm,0,0.16,0.39,0.19
drang,0,0.352,1.18,0.31
drank,1,0.973,2.9,0.98
drant,0,0.102,0.19,0.14
drape,1,0.813,2.12,0.92
drate,0,0.207,0.61,0.21
drawk,0,0.12,0.21,0.17
drawl,1,0.77,1.95,0.89
drawn,1,0.957,2.83,0.97
dread,1,0.818,2.03,0.96
dream,1,0.992,2.98,0.99
drear,0,0.61,1.41,0.75
dreep,0,0.265,0.6,0.33
dregs,0,0.567,1.48,0.64
dreng,0,0.112,0.25,0.14
dress,1,0.993,2.99,0.99
drest,0,0.57,1.5,0.64
drias,0,0.082,0.13,0.12
dried,1,0.977,2.92,0.98
drier,1,0.907,2.59,0.95
drift,1,0.905,2.55,0.96
drill,1,0.932,2.68,0.97
drink,1,0.995,3.0,0.99
drinn,0,0.103,0.17,0.15
drisk,0,0.185,0.45,0.22
drive,1,0.995,3.0,0.99
drogh,0,0.148,0.35,0.18
droit,1,0.28,0.6,0.36
droll,1,0.558,1.37,0.66
drome,0,0.322,0.85,0.36
drona,0,0.323,1.13,0.27
drone,1,0.825,2.13,0.94
drony,0,0.383,0.95,0.45
drool,1,0.895,2.46,0.97
droop,1,0.81,2.13,0.91
dropt,0,0.247,0.58,0.3
dross,1,0.428,1.13,0.48
droud,0,0.17,0.3,0.24
drouk,0,0.083,0.14,0.12
drove,1,0.96,2.82,0.98
drovy,0,0.193,0.35,0.27
drown,1,0.893,2.45,0.97
druid,1,0.563,1.4,0.66
drung,0,0.213,0.68,0.2
drunk,1,0.967,2.86,0.98
drupe,0,0.225,0.57,0.26
druse,0,0.177,0.43,0.21
drusy,0,0.16,0.42,0.18
druxy,0,0.07,0.12,0.1
dryad,0,0.255,0.78,0.25
dryas,0,0.092,0.1,0.15
dryer,1,0.965,2.88,0.97
dryly,1,0.703,1.73,0.83
dryth,0,0.078,0.14,0.11
duali,0,0.118,0.23,0.16
dubba,0,0.138,0.35,0.16
dubby,0,0.318,0.89,0.34
ducal,0,0.352,1.0,0.37
ducat,0,0.285,0.78,0.31
duces,0,0.148,0.29,0.2
duchy,1,0.597,1.42,0.72
dugal,0,0.097,0.25,0.11
duhat,0,0.117,0.34,0.12
dujan,0,0.065,0.09,0.1
dukhn,0,0.07,0.12,0.1
duler,0,0.12,0.27,0.15
dulia,0,0.075,0.12,0.11
dully,1,0.71,1.77,0.83
dulse,0,0.118,0.26,0.15
dumba,0,0.42,0.81,0.57
dummy,1,0.91,2.55,0.97
dumpy,1,0.592,1.45,0.7
dunal,0,0.113,0.26,0.14
dunce,1,0.67,1.56,0.82
dunch,0,0.212,0.49,0.26
dungy,0,0.563,1.4,0.66
dunne,0,0.602,1.36,0.75
dunny,0,0.445,1.08,0.53
dunst,0,0.502,1.3,0.57
duole,0,0.323,0.74,0.4
duper,0,0.588,1.49,0.68
dupla,0,0.115,0.21,0.16
duple,0,0.247,0.52,0.32
duppy,0,0.33,0.93,0.35
dural,0,0.265,0.6,0.33
durax,0,0.21,0.42,0.28
durra,0,0.105,0.18,0.15
durry,0,0.175,0.36,0.23
durst,0,0.608,1.46,0.73
duryl,0,0.11,0.18,0.16
dusio,0,0.058,0.08,0.09
dusky,1,0.693,1.73,0.81
dusty,1,0.95,2.79,0.97
dutch,1,0.872,2.32,0.97
dutra,0,0.095,0.15,0.14
duvet,1,0.758,2.06,0.83
dwale,0,0.185,0.39,0.24
dwalm,0,0.072,0.13,0.1
dwang,0,0.297,0.79,0.33
dwarf,1,0.812,1.99,0.96
dwell,1,0.763,1.97,0.87
dwelt,1,0.652,1.54,0.79
dwine,0,0.235,0.33,0.36
dying,1,0.943,2.72,0.98
dyker,0,0.327,0.88,0.36
eager,1,0.892,2.47,0.96
eagle,1,0.91,2.52,0.98
eagre,0,0.208,0.35,0.3
eared,0,0.628,1.58,0.73
early,1,0.987,2.98,0.98
earth,1,0.993,2.99,0.99
easel,1,0.702,1.75,0.82
easer,0,0.537,1.24,0.66
eaten,1,0.977,2.92,0.98
eater,1,0.893,2.48,0.96
eaved,0,0.552,1.51,0.6
eaver,0,0.368,0.92,0.43
eaves,0,0.712,1.84,0.81
ebony,1,0.74,1.77,0.89
echea,0,0.065,0.09,0.1
ecize,0,0.095,0.21,0.12
eclat,1,0.213,0.62,0.22
ecoid,0,0.1,0.21,0.13
ecole,0,0.438,1.19,0.48
ectad,0,0.053,0.08,0.08
ectal,0,0.055,0.06,0.09
edder,0,0.178,0.32,0.25
edema,0,0.3,0.96,0.28
edged,0,0.835,2.22,0.93
edger,0,0.648,1.67,0.74
edict,1,0.572,1.39,0.68
edify,1,0.365,1.08,0.37
educe,0,0.41,1.14,0.44
educt,0,0.122,0.22,0.17
eeler,0,0.155,0.33,0.2
eerie,1,0.79,1.95,0.93
egest,0,0.238,0.68,0.25
egger,0,0.517,1.57,0.51
egret,1,0.397,1.06,0.44
eider,0,0.308,0.89,0.32
eight,1,0.988,2.96,0.99
eigne,0,0.11,0.24,0.14
eimer,0,0.1,0.21,0.13
eject,1,0.803,2.03,0.93
ekaha,0,0.05,0.06,0.08
eking,1,0.473,1.37,0.49
elain,0,0.247,0.4,0.36
eland,0,0.293,0.89,0.29
elate,1,0.742,1.87,0.86
elbow,1,0.973,2.9,0.98
elder,1,0.845,2.19,0.96
eldin,0,0.122,0.19,0.18
elect,1,0.932,2.68,0.97
elegy,1,0.503,1.25,0.59
elemi,0,0.128,0.26,0.17
elfic,0,0.145,0.21,0.22
elfin,1,0.547,1.39,0.63
elide,1,0.36,1.08,0.36
elite,1,0.847,2.2,0.96
eloge,0,0.17,0.51,0.17
elope,1,0.687,1.99,0.71
elops,0,0.268,0.77,0.28
elsin,0,0.205,0.36,0.29
elude,1,0.687,1.81,0.77
elute,0,0.255,0.66,0.29
elvan,0,0.107,0.19,0.15
elver,0,0.192,0.46,0.23
elves,0,0.827,2.05,0.97
elvet,0,0.785,1.92,0.93
email,1,0.993,2.99,0.99
embar,0,0.145,0.39,0.16
embay,0,0.272,0.73,0.3
embed,1,0.803,2.06,0.92
ember,1,0.782,1.93,0.92
embog,0,0.048,0.08,0.07
embow,0,0.117,0.25,0.15
embox,0,0.108,0.23,0.14
embus,0,0.145,0.39,0.16
emcee,1,0.585,1.62,0.63
emeer,0,0.132,0.31,0.16
emend,0,0.342,1.06,0.33
emery,0,0.532,1.42,0.59
emmer,0,0.142,0.28,0.19
emmet,0,0.595,1.47,0.7
emote,0,0.748,1.94,0.85
empty,1,0.987,2.98,0.98
enact,1,0.625,1.56,0.73
enage,0,0.152,0.46,0.15
enapt,0,0.045,0.09,0.06
enarm,0,0.048,0.05,0.08
enate,0,0.14,0.3,0.18
encup,0,0.128,0.29,0.16
ended,0,0.98,2.94,0.98
ender,0,0.51,1.32,0.58
endew,0,0.103,0.23,0.13
endow,1,0.543,1.37,0.63
endue,0,0.358,1.01,0.38
enema,1,0.57,1.41,0.67
enemy,1,0.942,2.71,0.98
engem,0,0.092,0.25,0.1
enhat,0,0.068,0.11,0.1
eniac,0,0.252,0.64,0.29
enjoy,1,0.995,3.0,0.99
ennui,1,0.418,1.19,0.44
enoil,0,0.155,0.36,0.19
enorm,0,0.79,2.01,0.91
enray,0,0.177,0.37,0.23
enrib,0,0.062,0.13,0.08
enrol,0,0.672,1.66,0.79
enrut,0,0.075,0.15,0.1
ensky,0,0.082,0.1,0.13
ensue,1,0.625,1.59,0.72
entad,0,0.083,0.23,0.09
ental,0,0.248,0.65,0.28
enter,1,0.983,2.96,0.98
entia,0,0.068,0.08,0.11
entry,1,0.973,2.9,0.98
enure,0,0.17,0.42,0.2
envoy,1,0.66,1.53,0.81
enzym,0,0.258,0.74,0.27
eosin,0,0.137,0.31,0.17
epact,0,0.195,0.48,0.23
ephah,0,0.067,0.1,0.1
ephod,0,0.142,0.37,0.16
ephor,0,0.15,0.39,0.17
epoch,1,0.567,1.42,0.66
epode,0,0.112,0.25,0.14
epopt,0,0.063,0.11,0.09
epoxy,1,0.592,1.48,0.69
epulo,0,0.06,0.09,0.09
equal,1,0.978,2.93,0.98
equid,0,0.258,0.68,0.29
equip,1,0.887,2.41,0.97
erade,0,0.468,1.16,0.55
erase,1,0.973,2.9,0.98
erbia,0,0.113,0.2,0.16
erect,1,0.827,2.08,0.96
erept,0,0.157,0.31,0.21
ergal,0,0.04,0.03,0.07
ergon,0,0.177,0.4,0.22
ergot,0,0.238,0.65,0.26
erika,0,0.475,1.23,0.54
erizo,0,0.198,0.53,0.22
erode,1,0.778,2.0,0.89
erose,0,0.393,1.01,0.45
error,1,0.992,2.98,0.99
eruca,0,0.063,0.11,0.09
eruct,0,0.24,0.72,0.24
erupt,1,0.77,1.89,0.91
esere,0,0.057,0.1,0.08
eshin,0,0.042,0.04,0.07
esker,0,0.123,0.26,0.16
essay,1,0.918,2.57,0.98
essed,0,0.398,1.1,0.43
ester,1,0.437,1.09,0.51
estoc,0,0.067,0.07,0.11
estop,0,0.485,1.35,0.52
estre,0,0.157,0.46,0.16
estus,0,0.088,0.14,0.13
ethal,0,0.137,0.22,0.2
ethel,0,0.645,1.38,0.83
ether,1,0.68,1.53,0.85
ethic,1,0.75,1.77,0.91
ethid,0,0.125,0.21,0.18
ethos,1,0.49,1.35,0.53
ethyl,0,0.525,1.29,0.62
ettle,0,0.572,1.6,0.61
etude,1,0.43,1.11,0.49
eupad,0,0.057,0.1,0.08
eusol,0,0.052,0.04,0.09
evade,1,0.772,1.96,0.89
evase,0,0.698,1.82,0.79
evens,0,0.972,2.92,0.97
event,1,0.967,2.86,0.98
evert,0,0.577,1.54,0.64
every,1,0.99,3.0,0.98
evict,1,0.753,1.94,0.86
evoke,1,0.732,1.84,0.85
ewder,0,0.242,0.61,0.28
ewery,0,0.093,0.14,0.14
exact,1,0.977,2.92,0.98
exalt,1,0.58,1.47,0.67
excel,1,0.887,2.44,0.96
exdie,0,0.083,0.17,0.11
exeat,0,0.075,0.12,0.11
exert,1,0.753,1.97,0.85
exile,1,0.753,1.85,0.89
exist,1,0.957,2.8,0.98
exite,0,0.327,0.82,0.38
exlex,0,0.075,0.09,0.12
exode,0,0.278,0.71,0.32
exody,0,0.143,0.32,0.18
expel,1,0.793,2.0,0.92
exter,0,0.298,0.77,0.34
extol,1,0.448,1.16,0.51
extra,1,0.982,2.95,0.98
exude,0,0.637,1.72,0.7
exult,1,0.403,1.13,0.43
eying,1,0.795,2.1,0.89
eyoty,0,0.082,0.19,0.1
eyrie,0,0.307,0.94,0.3
eyrir,0,0.047,0.04,0.08
fabes,0,0.297,0.79,0.33
fable,1,0.792,1.93,0.94
faced,0,0.975,2.91,0.98
facer,0,0.615,1.53,0.72
facet,1,0.67,1.68,0.78
facia,0,0.297,0.7,0.36
facks,0,0.303,0.83,0.33
facty,0,0.165,0.39,0.2
faddy,0,0.55,1.5,0.6
faded,0,0.902,2.53,0.96
faden,0,0.127,0.31,0.15
fader,0,0.542,1.3,0.65
fadge,0,0.753,1.91,0.87
faery,0,0.5,0.9,0.7
faffy,0,0.338,0.95,0.36
fager,0,0.395,0.9,0.49
fagot,0,0.267,0.58,0.34
faham,0,0.073,0.14,0.1
fains,0,0.335,0.72,0.43
faint,1,0.908,2.54,0.97
fairm,0,0.283,0.71,0.33
fairy,1,0.843,2.15,0.97
faith,1,0.953,2.78,0.98
faker,0,0.898,2.51,0.96
fakir,0,0.442,1.15,0.5
fally,0,0.26,0.54,0.34
false,1,0.993,2.99,0.99
fanal,0,0.137,0.28,0.18
fanam,0,0.1,0.18,0.14
fancy,1,0.943,2.72,0.98
fangy,0,0.573,1.61,0.61
fanny,1,0.772,1.84,0.93
fanon,0,0.183,0.47,0.21
farad,0,0.317,0.82,0.36
farce,1,0.748,1.85,0.88
farcy,0,0.21,0.51,0.25
farde,0,0.178,0.41,0.22
fardh,0,0.07,0.12,0.1
fardo,0,0.125,0.24,0.17
farer,0,0.437,1.15,0.49
farmy,0,0.175,0.36,0.23
farse,0,0.542,1.21,0.68
fatal,1,0.885,2.4,0.97
fated,0,0.708,1.73,0.84
fatil,0,0.267,0.64,0.32
fatly,0,0.367,0.88,0.44
fatty,1,0.947,2.77,0.97
fatwa,0,0.342,1.15,0.3
faugh,0,0.285,0.78,0.31
fauld,0,0.473,1.49,0.45
fault,1,0.963,2.84,0.98
fauna,1,0.658,1.61,0.78
fause,0,0.365,0.93,0.42
faust,0,0.468,1.19,0.54
fauve,0,0.145,0.42,0.15
favor,1,0.948,2.81,0.96
favus,0,0.105,0.15,0.16
fawny,0,0.343,0.8,0.42
feast,1,0.852,2.2,0.97
featy,0,0.162,0.28,0.23
feaze,0,0.118,0.2,0.17
fecal,1,0.553,1.4,0.64
feces,0,0.738,1.7,0.91
feedy,0,0.483,1.31,0.53
feere,0,0.178,0.35,0.24
feeze,0,0.722,1.81,0.84
feign,1,0.627,1.63,0.71
feint,0,0.598,1.52,0.69
feist,0,0.493,1.43,0.51
felid,0,0.167,0.4,0.2
fella,1,0.803,2.09,0.91
felly,0,0.265,0.51,0.36
felon,1,0.713,1.85,0.81
felty,0,0.688,1.76,0.79
femic,0,0.077,0.1,0.12
femme,1,0.39,1.05,0.43
femur,1,0.493,1.28,0.56
fence,1,0.983,2.96,0.98
fendy,0,0.348,1.1,0.33
fenks,0,0.078,0.14,0.11
fenny,0,0.475,1.26,0.53
feoff,0,0.062,0.1,0.09
feral,1,0.66,1.71,0.75
feria,0,0.283,0.74,0.32
ferie,0,0.203,0.47,0.25
ferly,0,0.078,0.08,0.13
ferme,0,0.272,0.88,0.25
ferny,0,0.498,1.25,0.58
ferri,0,0.18,0.45,0.21
ferry,1,0.813,2.06,0.94
fetal,1,0.663,1.67,0.77
fetch,1,0.94,2.73,0.97
fetid,1,0.47,1.29,0.51
fetor,0,0.148,0.29,0.2
fetus,1,0.762,1.9,0.89
feuar,0,0.077,0.19,0.09
feued,0,0.18,0.36,0.24
fever,1,0.975,2.91,0.98
fewer,1,0.967,2.86,0.98
fezzy,0,0.457,1.3,0.48
fiard,0,0.12,0.24,0.16
fiber,1,0.947,2.8,0.96
fibry,0,0.112,0.16,0.17
fiche,0,0.233,0.68,0.24
fichu,0,0.083,0.17,0.11
ficus,1,0.36,1.11,0.35
fidge,0,0.407,1.12,0.44
field,1,0.982,2.95,0.98
fiend,1,0.787,1.93,0.93
fient,0,0.132,0.25,0.18
fiery,1,0.822,2.11,0.94
fifer,0,0.197,0.43,0.25
fifie,0,0.175,0.33,0.24
fifth,1,0.957,2.8,0.98
fifty,1,0.975,2.88,0.99
figgy,0,0.547,1.21,0.69
fight,1,0.993,2.99,0.99
fikie,0,0.087,0.16,0.12
filao,0,0.088,0.2,0.11
filar,0,0.145,0.27,0.2
filch,0,0.473,1.28,0.52
filer,1,0.762,2.11,0.82
filet,1,0.743,1.94,0.84
filly,1,0.565,1.29,0.7
filmy,1,0.682,1.81,0.76
filth,1,0.878,2.36,0.97
final,1,0.98,2.94,0.98
finch,1,0.713,1.73,0.85
finer,1,0.903,2.57,0.95
finis,0,0.393,0.95,0.47
finny,0,0.42,1.11,0.47
fiord,0,0.37,1.11,0.37
fique,0,0.122,0.22,0.17
firca,0,0.095,0.18,0.13
fired,0,0.977,2.92,0.98
firer,0,0.763,1.94,0.88
firry,0,0.87,2.43,0.93
first,1,0.993,2.99,0.99
firth,0,0.358,0.98,0.39
fishy,1,0.933,2.69,0.97
fisty,0,0.648,1.43,0.82
fitch,0,0.498,1.28,0.57
fitly,0,0.455,1.08,0.55
fitty,0,0.315,0.6,0.43
fiver,0,0.75,1.98,0.84
fives,0,0.832,2.2,0.93
fixed,0,0.985,2.97,0.98
fixer,1,0.83,2.31,0.89
fizzy,1,0.9,2.55,0.95
fjeld,0,0.113,0.26,0.14
fjord,1,0.595,1.53,0.68
flack,1,0.648,1.73,0.72
flaff,0,0.463,1.34,0.48
flail,1,0.507,1.24,0.6
flair,1,0.762,1.96,0.87
flake,1,0.943,2.75,0.97
flaky,1,0.84,2.25,0.93
flamb,0,0.182,0.55,0.18
flame,1,0.983,2.96,0.98
flamy,0,0.145,0.3,0.19
flane,0,0.145,0.39,0.16
flank,1,0.768,1.97,0.88
flare,1,0.862,2.32,0.95
flary,0,0.158,0.35,0.2
flash,1,0.972,2.89,0.98
flask,1,0.782,1.9,0.93
flavo,0,0.365,0.87,0.44
flawn,0,0.187,0.34,0.26
flawy,0,0.84,2.28,0.92
flaxy,0,0.212,0.52,0.25
fleam,0,0.108,0.17,0.16
fleay,0,0.138,0.23,0.2
fleck,1,0.718,1.85,0.82
fleer,0,0.49,1.59,0.45
fleet,1,0.85,2.22,0.96
flesh,1,0.905,2.52,0.97
flews,0,0.828,2.3,0.89
flick,1,0.935,2.73,0.96
flier,1,0.792,2.02,0.91
flimp,0,0.098,0.23,0.12
fling,1,0.858,2.3,0.95
flint,1,0.777,1.9,0.92
flipe,0,0.23,0.72,0.22
flirt,1,0.917,2.59,0.97
flisk,0,0.12,0.21,0.17
flite,0,0.473,1.1,0.58
float,1,0.948,2.78,0.97
flock,1,0.843,2.21,0.95
floey,0,0.175,0.42,0.21
flong,0,0.098,0.14,0.15
flood,1,0.943,2.72,0.98
floor,1,0.995,3.0,0.99
flora,1,0.768,1.88,0.91
flory,0,0.252,0.46,0.35
flosh,0,0.195,0.48,0.23
floss,1,0.858,2.36,0.93
flota,0,0.348,1.16,0.31
flour,1,0.99,2.97,0.99
flout,1,0.55,1.41,0.63
flown,1,0.86,2.31,0.95
flued,0,0.298,0.74,0.35
fluer,0,0.273,0.5,0.38
fluey,0,0.108,0.17,0.16
fluff,1,0.92,2.61,0.97
fluid,1,0.938,2.75,0.96
fluke,1,0.745,1.83,0.88
fluky,0,0.59,1.56,0.66
flume,1,0.438,1.16,0.49
flump,0,0.282,0.85,0.28
flung,1,0.79,2.01,0.91
flunk,1,0.778,2.06,0.87
fluor,0,0.187,0.34,0.26
flurn,0,0.082,0.1,0.13
flurr,0,0.622,1.54,0.73
flush,1,0.945,2.76,0.97
flusk,0,0.378,0.98,0.43
flute,1,0.833,2.09,0.97
fluty,0,0.718,1.7,0.87
flyer,1,0.938,2.72,0.97
flype,0,0.24,0.57,0.29
foaly,0,0.152,0.37,0.18
foamy,1,0.868,2.39,0.94
focal,1,0.713,1.88,0.8
focus,1,0.987,2.98,0.98
fodda,0,0.113,0.26,0.14
foder,0,0.302,0.76,0.35
fodge,0,0.777,1.96,0.9
foehn,0,0.123,0.35,0.13
fogey,0,0.717,1.78,0.84
foggy,1,0.932,2.68,0.97
fogle,0,0.328,0.86,0.37
fogon,0,0.097,0.16,0.14
fogou,0,0.067,0.1,0.1
fogus,0,0.193,0.41,0.25
fohat,0,0.04,0.03,0.07
foist,1,0.533,1.4,0.6
foldy,0,0.242,0.64,0.27
folia,0,0.218,0.5,0.27
folie,0,0.243,0.59,0.29
folio,1,0.488,1.25,0.56
folky,0,0.77,2.01,0.87
folly,1,0.64,1.5,0.78
fomes,0,0.32,0.84,0.36
fondu,0,0.68,1.8,0.76
fonly,0,0.098,0.2,0.13
foody,0,0.623,1.79,0.65
foots,0,0.497,1.21,0.59
footy,0,0.565,1.41,0.66
foppy,0,0.768,1.91,0.9
foray,1,0.467,1.18,0.54
forby,0,0.107,0.13,0.17
force,1,0.98,2.94,0.98
fordo,0,0.198,0.53,0.22
fordy,0,0.257,0.49,0.35
forel,0,0.288,0.8,0.31
forge,1,0.813,2.06,0.94
forgo,1,0.697,1.72,0.82
forky,0,0.515,1.29,0.6
forme,0,0.388,1.04,0.43
formy,0,0.28,0.6,0.36
forte,1,0.585,1.62,0.63
forth,1,0.56,1.56,0.6
forty,1,0.967,2.83,0.99
forum,1,0.808,2.06,0.93
fosie,0,0.098,0.2,0.13
fossa,0,0.18,0.57,0.17
fosse,0,0.417,1.12,0.46
fotch,0,0.277,0.61,0.35
fotui,0,0.1,0.24,0.12
found,1,0.983,2.96,0.98
fount,0,0.768,1.88,0.91
foute,0,0.14,0.39,0.15
fouth,0,0.288,0.8,0.31
fovea,0,0.247,0.67,0.27
foxer,0,0.182,0.28,0.27
foyer,1,0.77,1.98,0.88
frack,0,0.667,1.84,0.72
fraid,0,0.788,1.94,0.93
fraik,0,0.067,0.13,0.09
frail,1,0.77,1.98,0.88
frame,1,0.982,2.95,0.98
franc,0,0.688,1.73,0.8
frank,1,0.97,2.88,0.98
frase,0,0.243,0.71,0.25
frass,0,0.107,0.22,0.14
fraud,1,0.875,2.34,0.97
frawn,0,0.222,0.49,0.28
frayn,0,0.378,1.13,0.38
fraze,0,0.185,0.63,0.16
freak,1,0.882,2.38,0.97
fream,0,0.107,0.22,0.14
freck,0,0.497,1.15,0.61
freed,1,0.93,2.7,0.96
freer,1,0.895,2.55,0.94
freet,0,0.135,0.27,0.18
freir,0,0.102,0.22,0.13
freit,0,0.195,0.57,0.2
fremd,0,0.135,0.21,0.2
fresh,1,0.995,3.0,0.99
frett,0,0.61,1.68,0.66
friar,1,0.61,1.41,0.75
fried,1,0.985,2.97,0.98
frier,0,0.348,0.89,0.4
frike,0,0.193,0.44,0.24
frill,1,0.733,1.88,0.84
frisk,1,0.77,1.98,0.88
frist,0,0.485,1.32,0.53
frith,0,0.202,0.46,0.25
fritt,0,0.217,0.52,0.26
fritz,1,0.535,1.29,0.64
frize,0,0.195,0.45,0.24
frizz,0,0.845,2.34,0.91
frock,1,0.598,1.4,0.73
frond,1,0.47,1.23,0.53
front,1,0.99,3.0,0.98
froom,0,0.142,0.25,0.2
frore,0,0.172,0.34,0.23
frory,0,0.098,0.17,0.14
frosh,0,0.6,1.62,0.66
frost,1,0.947,2.74,0.98
froth,1,0.813,2.12,0.92
frowl,0,0.325,0.75,0.4
frown,1,0.96,2.82,0.98
frowy,0,0.113,0.2,0.16
froze,1,0.965,2.85,0.98
fruit,1,0.995,3.0,0.99
frump,0,0.585,1.5,0.67
frush,0,0.105,0.21,0.14
fryer,0,0.93,2.7,0.96
fubby,0,0.53,1.26,0.64
fubsy,0,0.188,0.44,0.23
fucus,0,0.282,0.73,0.32
fuder,0,0.153,0.29,0.21
fudge,1,0.85,2.19,0.97
fudgy,0,0.83,2.16,0.94
fuffy,0,0.892,2.47,0.96
fugal,0,0.217,0.52,0.26
fuggy,0,0.798,2.09,0.9
fugle,0,0.105,0.21,0.14
fugue,1,0.415,1.05,0.48
fully,1,0.97,2.88,0.98
fulth,0,0.108,0.2,0.15
fulwa,0,0.045,0.06,0.07
fumer,0,0.395,1.17,0.4
fumet,0,0.225,0.57,0.26
fundi,0,0.153,0.38,0.18
funds,0,0.972,2.89,0.98
fungi,1,0.748,1.82,0.89
fungo,0,0.233,0.56,0.28
funis,0,0.123,0.17,0.19
funky,1,0.843,2.21,0.95
funny,1,0.993,2.99,0.99
fural,0,0.09,0.15,0.13
furan,0,0.155,0.27,0.22
furca,0,0.105,0.15,0.16
furil,0,0.055,0.06,0.09
furor,1,0.568,1.43,0.66
furry,1,0.917,2.59,0.97
furyl,0,0.143,0.29,0.19
furze,0,0.163,0.35,0.21
furzy,0,0.23,0.54,0.28
fused,0,0.82,2.13,0.93
fusee,0,0.263,0.62,0.32
fusht,0,0.072,0.1,0.11
fusil,0,0.2,0.51,0.23
fussy,1,0.917,2.62,0.96
fusty,0,0.55,1.35,0.65
futwa,0,0.077,0.19,0.09
fuzzy,1,0.895,2.52,0.95
gabby,0,0.827,2.2,0.92
gable,0,0.618,1.52,0.73
gaddi,0,0.072,0.13,0.1
gadge,0,0.887,2.53,0.93
gadid,0,0.102,0.19,0.14
gaffe,1,0.663,1.76,0.74
gagee,0,0.152,0.28,0.21
gager,0,0.252,0.58,0.31
gagor,0,0.113,0.23,0.15
gaily,1,0.513,1.07,0.67
gaine,0,0.72,1.83,0.83
gains,0,0.953,2.84,0.96
gaize,0,0.108,0.2,0.15
galah,0,0.198,0.56,0.21
galea,0,0.102,0.19,0.14
galee,0,0.165,0.33,0.22
galet,0,0.118,0.26,0.15
galey,0,0.587,1.48,0.68
galla,0,0.445,1.17,0.5
gally,0,0.457,1.09,0.55
galop,0,0.505,1.38,0.55
gamba,0,0.282,0.82,0.29
gamer,1,0.858,2.27,0.96
gamic,0,0.103,0.2,0.14
gamin,0,0.25,0.66,0.28
gamma,1,0.653,1.55,0.79
gammy,0,0.282,0.73,0.32
gamut,1,0.457,1.21,0.51
ganam,0,0.092,0.19,0.12
ganch,0,0.158,0.41,0.18
ganef,0,0.312,0.64,0.41
ganga,0,0.445,1.2,0.49
gange,0,0.317,0.82,0.36
ganja,0,0.438,1.22,0.47
gansy,0,0.16,0.27,0.23
ganta,0,0.157,0.37,0.19
ganza,0,0.12,0.27,0.15
gaper,0,0.532,1.42,0.59
gapes,0,0.753,1.97,0.85
gappy,0,0.703,1.88,0.78
garad,0,0.133,0.38,0.14
garce,0,0.093,0.2,0.12
gardy,0,0.13,0.24,0.18
gareh,0,0.07,0.12,0.1
garle,0,0.197,0.55,0.21
garoo,0,0.312,0.85,0.34
garse,0,0.175,0.42,0.21
garth,0,0.503,1.19,0.61
garum,0,0.087,0.19,0.11
gashy,0,0.362,0.85,0.44
gaspy,0,0.647,1.57,0.77
gassy,1,0.868,2.42,0.93
gatch,0,0.208,0.47,0.26
gated,0,0.8,2.19,0.87
gater,0,0.602,1.6,0.67
gator,0,0.858,2.33,0.94
gauby,0,0.073,0.08,0.12
gaudy,1,0.702,1.78,0.81
gauge,1,0.825,2.16,0.93
gault,0,0.278,0.68,0.33
gaumy,0,0.193,0.53,0.21
gaunt,1,0.608,1.52,0.71
gauss,0,0.435,0.96,0.55
gauze,1,0.692,1.78,0.79
gauzy,0,0.54,1.47,0.59
gavel,1,0.7,1.77,0.81
gawby,0,0.225,0.51,0.28
gawky,1,0.563,1.46,0.64
gayal,0,0.083,0.14,0.12
gayer,1,0.432,1.09,0.5
gayly,1,0.448,0.86,0.61
gazee,0,0.29,0.57,0.39
gazel,0,0.303,0.89,0.31
gazer,1,0.65,1.62,0.76
gazon,0,0.2,0.54,0.22
gease,0,0.215,0.48,0.27
gebur,0,0.06,0.09,0.09
gecko,1,0.675,1.62,0.81
geeky,1,0.832,2.2,0.93
geese,1,0.927,2.65,0.97
geest,0,0.168,0.44,0.19
geira,0,0.062,0.07,0.1
gelid,0,0.295,0.96,0.27
gelly,0,0.598,1.49,0.7
gemel,0,0.1,0.18,0.14
gemma,0,0.555,1.35,0.66
gemmy,0,0.407,1.09,0.45
gemot,0,0.08,0.12,0.12
gemul,0,0.057,0.07,0.09
genal,0,0.085,0.12,0.13
genep,0,0.147,0.31,0.19
genet,0,0.25,0.6,0.3
genic,0,0.275,0.66,0.33
genie,1,0.8,1.98,0.94
genii,0,0.285,0.72,0.33
genin,0,0.095,0.18,0.13
genip,0,0.153,0.41,0.17
genom,0,0.42,0.93,0.53
genos,0,0.127,0.19,0.19
genre,1,0.812,2.11,0.92
genro,0,0.085,0.15,0.12
genty,0,0.123,0.2,0.18
genua,0,0.188,0.38,0.25
genus,0,0.475,1.14,0.57
genys,0,0.067,0.1,0.1
geode,0,0.433,1.1,0.5
geoid,0,0.133,0.35,0.15
geoty,0,0.128,0.26,0.17
gerah,0,0.087,0.22,0.1
gerbe,0,0.21,0.6,0.22
gerim,0,0.07,0.12,0.1
gerip,0,0.103,0.2,0.14
germy,0,0.798,2.18,0.87
gesso,0,0.223,0.62,0.24
geste,0,0.312,0.94,0.31
getah,0,0.112,0.25,0.14
getup,0,0.743,2.09,0.79
geyan,0,0.183,0.38,0.24
ghazi,0,0.158,0.47,0.16
ghoom,0,0.138,0.38,0.15
ghost,1,0.935,2.67,0.98
ghoul,1,0.73,1.77,0.87
giant,1,0.923,2.6,0.98
gibby,0,0.493,1.25,0.57
gibel,0,0.168,0.38,0.21
giber,0,0.215,0.57,0.24
gibus,0,0.107,0.22,0.14
giddy,1,0.748,1.91,0.86
gigot,0,0.157,0.43,0.17
gilia,0,0.087,0.13,0.13
gilim,0,0.052,0.07,0.08
gilly,0,0.453,1.19,0.51
gilpy,0,0.137,0.34,0.16
gilse,0,0.14,0.3,0.18
gimel,0,0.102,0.13,0.16
ginny,0,0.792,2.02,0.91
gipon,0,0.045,0.03,0.08
gipsy,1,0.7,1.68,0.84
girba,0,0.058,0.08,0.09
girly,1,0.89,2.46,0.96
girny,0,0.07,0.09,0.11
girse,0,0.133,0.26,0.18
girsh,0,0.163,0.35,0.21
girth,1,0.595,1.53,0.68
gisla,0,0.077,0.13,0.11
given,1,0.98,2.94,0.98
giver,1,0.902,2.53,0.96
givey,0,0.228,0.53,0.28
glace,0,0.287,0.82,0.3
glack,0,0.115,0.18,0.17
glade,1,0.635,1.5,0.77
glady,0,0.507,1.09,0.65
glaga,0,0.065,0.12,0.09
glaik,0,0.057,0.1,0.08
glair,0,0.175,0.42,0.21
glaky,0,0.053,0.08,0.08
gland,1,0.79,2.01,0.91
glans,0,0.26,0.6,0.32
glare,1,0.838,2.21,0.94
glary,0,0.508,1.34,0.57
glass,1,0.995,3.0,0.99
glaum,0,0.073,0.11,0.11
glaur,0,0.073,0.11,0.11
glaze,1,0.793,2.03,0.91
glazy,0,0.572,1.45,0.66
gleam,1,0.77,1.92,0.9
glean,1,0.472,1.21,0.54
gleba,0,0.062,0.1,0.09
glebe,0,0.267,0.97,0.21
glede,0,0.207,0.34,0.3
gledy,0,0.118,0.2,0.17
gleed,0,0.12,0.24,0.16
gleek,0,0.26,0.78,0.26
gleet,0,0.15,0.27,0.21
glent,0,0.21,0.48,0.26
glial,0,0.122,0.34,0.13
glide,1,0.863,2.33,0.95
gliff,0,0.127,0.25,0.17
glime,0,0.303,0.98,0.28
glink,0,0.148,0.32,0.19
glint,1,0.762,1.93,0.88
glisk,0,0.093,0.17,0.13
gloam,0,0.285,0.66,0.35
gloat,1,0.597,1.51,0.69
globe,1,0.958,2.81,0.98
globy,0,0.21,0.66,0.2
gloea,0,0.063,0.08,0.1
glome,0,0.112,0.22,0.15
gloom,1,0.828,2.12,0.95
glore,0,0.11,0.21,0.15
glory,1,0.857,2.2,0.98
gloss,1,0.78,1.98,0.9
glost,0,0.123,0.2,0.18
glout,0,0.357,0.85,0.43
glove,1,0.983,2.96,0.98
gloze,0,0.188,0.44,0.23
gluck,0,0.335,0.96,0.35
glued,0,0.957,2.83,0.97
gluer,0,0.783,2.06,0.88
gluey,0,0.557,1.45,0.63
gluma,0,0.082,0.19,0.1
glume,0,0.182,0.43,0.22
glump,0,0.317,0.88,0.34
glyph,1,0.397,1.12,0.42
gnarl,0,0.623,1.55,0.73
gnash,1,0.662,1.66,0.77
gnawn,0,0.675,1.65,0.8
gnome,1,0.552,1.3,0.67
goaty,0,0.495,1.29,0.56
goave,0,0.083,0.2,0.1
goban,0,0.093,0.2,0.12
gobbe,0,0.21,0.39,0.29
gobby,0,0.38,1.05,0.41
godet,0,0.112,0.25,0.14
godly,1,0.712,1.72,0.85
goety,0,0.105,0.18,0.15
gogga,0,0.227,0.64,0.24
going,1,0.995,3.0,0.99
goldy,0,0.503,1.34,0.56
golee,0,0.18,0.45,0.21
golem,1,0.403,1.13,0.43
golly,1,0.607,1.3,0.78
goloe,0,0.11,0.24,0.14
golpe,0,0.37,1.08,0.38
gomer,0,0.365,0.99,0.4
gonad,1,0.345,1.05,0.34
gonal,0,0.152,0.28,0.21
goner,1,0.765,1.95,0.88
gonia,0,0.113,0.2,0.16
gonid,0,0.068,0.08,0.11
gonne,0,0.348,0.77,0.44
gonys,0,0.063,0.08,0.1
goods,0,0.965,2.85,0.98
goody,1,0.76,1.89,0.89
gooey,1,0.828,2.24,0.91
goofy,1,0.902,2.5,0.97
gools,0,0.192,0.49,0.22
gooma,0,0.108,0.2,0.15
goose,1,0.947,2.74,0.98
goosy,0,0.842,2.2,0.95
goral,0,0.15,0.39,0.17
goran,0,0.138,0.26,0.19
gorce,0,0.15,0.27,0.21
gorer,0,0.312,0.79,0.36
gorge,1,0.743,1.82,0.88
goric,0,0.072,0.1,0.11
gorra,0,0.123,0.26,0.16
gorry,0,0.188,0.44,0.23
gorse,0,0.318,0.92,0.33
gorsy,0,0.133,0.26,0.18
gossy,0,0.603,1.55,0.69
gotch,0,0.497,1.39,0.53
gotra,0,0.093,0.17,0.13
gouge,1,0.705,1.83,0.8
goumi,0,0.065,0.12,0.09
gourd,1,0.552,1.39,0.64
gouty,0,0.382,1.03,0.42
gowan,0,0.268,0.62,0.33
goyim,0,0.137,0.43,0.13
goyin,0,0.098,0.2,0.13
goyle,0,0.283,0.71,0.33
grace,1,0.932,2.65,0.98
grade,1,0.983,2.96,0.98
graff,0,0.603,1.61,0.67
graft,1,0.71,1.83,0.81
grail,1,0.548,1.31,0.66
grain,1,0.933,2.69,0.97
graip,0,0.162,0.31,0.22
grama,0,0.385,1.17,0.38
grame,0,0.448,1.28,0.47
gramp,0,0.725,1.95,0.8
grand,1,0.963,2.84,0.98
grane,0,0.128,0.29,0.16
grank,0,0.197,0.43,0.25
grano,0,0.228,0.5,0.29
grant,1,0.878,2.36,0.97
grape,1,0.962,2.83,0.98
graph,1,0.923,2.63,0.97
grapy,0,0.113,0.23,0.15
grasp,1,0.938,2.72,0.97
grass,1,0.995,3.0,0.99
grate,1,0.883,2.45,0.95
grave,1,0.868,2.3,0.97
gravy,1,0.933,2.69,0.97
graze,1,0.787,2.02,0.9
great,1,0.995,3.0,0.99
grebe,0,0.263,0.77,0.27
grece,0,0.438,1.19,0.48
greed,1,0.873,2.33,0.97
green,1,0.995,3.0,0.99
greet,1,0.903,2.54,0.96
grege,0,0.078,0.17,0.1
grego,0,0.29,0.63,0.37
grein,0,0.075,0.12,0.11
grice,0,0.238,0.5,0.31
gride,0,0.45,1.14,0.52
grief,1,0.84,2.13,0.97
griff,0,0.533,1.4,0.6
grift,0,0.525,1.53,0.54
grike,0,0.095,0.15,0.14
grill,1,0.96,2.85,0.97
grime,1,0.857,2.32,0.94
grimp,0,0.327,1.18,0.26
grimy,1,0.813,2.12,0.92
grind,1,0.958,2.84,0.97
gripe,1,0.935,2.73,0.96
gripy,0,0.493,1.19,0.59
grist,0,0.408,1.16,0.43
grith,0,0.108,0.2,0.15
grits,0,0.71,1.8,0.82
groan,1,0.962,2.83,0.98
groat,0,0.268,0.65,0.32
groff,0,0.232,0.52,0.29
groin,1,0.792,2.02,0.91
groom,1,0.832,2.11,0.96
groop,0,0.298,0.74,0.35
groot,0,0.497,1.21,0.59
grope,1,0.82,2.07,0.95
gross,1,0.967,2.89,0.97
grosz,0,0.073,0.08,0.12
grouf,0,0.195,0.51,0.22
group,1,0.988,2.99,0.98
grout,1,0.653,1.64,0.76
grove,1,0.808,2.03,0.94
grovy,0,0.372,0.85,0.46
growl,1,0.95,2.76,0.98
grown,1,0.98,2.94,0.98
grubs,0,0.702,1.72,0.83
gruel,1,0.522,1.24,0.63
gruff,1,0.785,1.98,0.91
grume,0,0.208,0.5,0.25
grump,0,0.868,2.36,0.95
grunt,1,0.893,2.45,0.97
grush,0,0.102,0.19,0.14
gruss,0,0.072,0.07,0.12
gryde,0,0.078,0.14,0.11
guaba,0,0.155,0.45,0.16
guaco,0,0.103,0.26,0.12
guaka,0,0.072,0.13,0.1
guama,0,0.31,0.96,0.3
guana,0,0.335,1.05,0.32
guano,0,0.4,1.08,0.44
guara,0,0.115,0.3,0.13
guard,1,0.973,2.9,0.98
guasa,0,0.083,0.14,0.12
guava,1,0.493,1.34,0.54
guaza,0,0.063,0.08,0.1
gubbo,0,0.09,0.15,0.13
gucki,0,0.07,0.09,0.11
gudge,0,0.158,0.29,0.22
gudok,0,0.07,0.12,0.1
guess,1,0.99,3.0,0.98
guest,1,0.98,2.94,0.98
guffy,0,0.52,1.44,0.56
gugal,0,0.088,0.2,0.11
guiba,0,0.067,0.16,0.08
guide,1,0.975,2.91,0.98
guige,0,0.093,0.26,0.1
guijo,0,0.048,0.05,0.08
guild,1,0.73,1.74,0.88
guile,1,0.423,1.16,0.46
guilt,1,0.952,2.77,0.98
guily,0,0.433,1.16,0.48
guise,1,0.582,1.45,0.68
gulae,0,0.135,0.24,0.19
gular,0,0.187,0.34,0.26
gulch,1,0.557,1.42,0.64
gules,0,0.062,0.04,0.11
gulfy,0,0.295,0.54,0.41
gulix,0,0.053,0.05,0.09
gully,1,0.692,1.81,0.78
gulpy,0,0.668,1.73,0.76
gumbo,1,0.662,1.66,0.77
gumby,0,0.647,1.48,0.8
gumly,0,0.308,0.8,0.35
gumma,0,0.373,0.8,0.48
gummy,1,0.912,2.59,0.96
gundi,0,0.138,0.41,0.14
gundy,0,0.427,1.18,0.46
gunge,0,0.36,1.11,0.35
gunne,0,0.235,0.48,0.31
gunny,0,0.365,0.99,0.4
guppy,1,0.517,1.3,0.6
gurge,0,0.43,1.17,0.47
gurly,0,0.2,0.39,0.27
gurry,0,0.26,0.6,0.32
gushy,0,0.637,1.69,0.71
gusla,0,0.05,0.06,0.08
gusle,0,0.048,0.05,0.08
gusto,1,0.628,1.73,0.68
gusty,1,0.772,1.99,0.88
gutta,0,0.188,0.47,0.22
gutte,0,0.147,0.34,0.18
gutti,0,0.092,0.19,0.12
gutty,0,0.748,1.91,0.86
guyer,0,0.535,1.32,0.63
gweed,0,0.1,0.15,0.15
gwely,0,0.057,0.07,0.09
gwine,0,0.178,0.23,0.28
gymel,0,0.095,0.15,0.14
gynic,0,0.175,0.27,0.26
gypsy,1,0.762,1.87,0.9
gyral,0,0.108,0.2,0.15
gyric,0,0.097,0.16,0.14
gyron,0,0.132,0.28,0.17
gyrus,0,0.263,0.8,0.26
habit,1,0.972,2.92,0.97
hache,0,0.137,0.31,0.17
hacky,0,0.68,1.8,0.76
haddo,0,0.298,0.83,0.32
hadji,0,0.275,0.87,0.26
hafiz,0,0.2,0.6,0.2
haggy,0,0.243,0.53,0.31
hagia,0,0.23,0.63,0.25
haily,0,0.255,0.51,0.34
haine,0,0.283,0.77,0.31
haire,0,0.228,0.38,0.33
hairy,1,0.952,2.8,0.97
hajib,0,0.078,0.17,0.1
hakam,0,0.073,0.11,0.11
hakim,0,0.265,0.75,0.28
halal,0,0.533,1.52,0.56
halch,0,0.073,0.14,0.1
haler,0,0.535,1.44,0.59
halma,0,0.262,0.67,0.3
halse,0,0.295,0.72,0.35
halve,1,0.903,2.54,0.96
hamal,0,0.13,0.3,0.16
hamel,0,0.265,0.66,0.31
hammy,0,0.765,1.95,0.88
hamsa,0,0.143,0.32,0.18
hamus,0,0.13,0.27,0.17
hamza,0,0.17,0.45,0.19
hance,0,0.45,1.35,0.45
hanch,0,0.098,0.23,0.12
handy,1,0.973,2.9,0.98
hange,0,0.347,0.97,0.37
hanif,0,0.153,0.41,0.17
hanky,0,0.795,2.01,0.92
hanna,0,0.79,2.04,0.9
hansa,0,0.263,0.71,0.29
hanse,0,0.258,0.71,0.28
haole,0,0.205,0.57,0.22
haoma,0,0.055,0.06,0.09
haori,0,0.148,0.53,0.12
haply,0,0.242,0.55,0.3
happy,1,0.995,3.0,0.99
harbi,0,0.115,0.24,0.15
hardy,1,0.877,2.44,0.94
harem,1,0.683,1.64,0.82
harka,0,0.112,0.31,0.12
harpy,1,0.567,1.33,0.69
harry,1,0.913,2.54,0.98
harsh,1,0.908,2.54,0.97
hasan,0,0.342,0.82,0.41
hashy,0,0.392,1.06,0.43
hasky,0,0.588,1.58,0.65
hasta,0,0.307,0.73,0.37
haste,1,0.82,2.1,0.94
hasty,1,0.827,2.14,0.94
hatch,1,0.832,2.2,0.93
hater,1,0.922,2.65,0.96
hathi,0,0.138,0.32,0.17
hatty,0,0.512,1.24,0.61
haugh,0,0.17,0.33,0.23
hauld,0,0.792,2.08,0.89
haulm,0,0.092,0.16,0.13
haunt,1,0.808,2.03,0.94
hause,0,0.285,0.96,0.25
haute,1,0.442,1.24,0.47
havel,0,0.257,0.64,0.3
haven,1,0.835,2.16,0.95
haver,0,0.802,2.29,0.84
havoc,1,0.81,2.04,0.94
hawer,0,0.127,0.22,0.18
hawky,0,0.628,1.64,0.71
hawok,0,0.095,0.15,0.14
hawse,0,0.135,0.3,0.17
hayey,0,0.402,0.97,0.48
hazel,1,0.81,2.07,0.93
hazen,0,0.293,0.68,0.36
hazer,0,0.56,1.38,0.66
hazle,0,0.61,1.53,0.71
heady,1,0.627,1.63,0.71
heald,0,0.348,0.89,0.4
heaps,0,0.872,2.38,0.95
heapy,0,0.562,1.3,0.69
heard,1,0.993,2.99,0.99
heart,1,0.995,3.0,0.99
heath,1,0.797,1.96,0.94
heave,1,0.775,1.98,0.89
heavy,1,0.99,3.0,0.98
hecte,0,0.14,0.33,0.17
heder,0,0.112,0.22,0.15
hedge,1,0.882,2.41,0.96
hedgy,0,0.375,1.02,0.41
heedy,0,0.348,0.89,0.4
heeze,0,0.143,0.26,0.2
heezy,0,0.342,0.94,0.37
hefty,1,0.758,1.94,0.87
heiau,0,0.057,0.07,0.09
heigh,0,0.675,1.53,0.84
heist,1,0.798,2.0,0.93
helio,0,0.26,0.63,0.31
helix,1,0.658,1.58,0.79
hello,1,0.995,3.0,0.99
helly,0,0.28,0.69,0.33
heloe,0,0.172,0.46,0.19
helve,0,0.142,0.31,0.18
hemad,0,0.065,0.12,0.09
hemal,0,0.105,0.21,0.14
hemen,0,0.193,0.68,0.16
hemic,0,0.125,0.24,0.17
hemin,0,0.087,0.16,0.12
hemol,0,0.09,0.12,0.14
hempy,0,0.23,0.51,0.29
henad,0,0.08,0.12,0.12
hence,1,0.717,1.66,0.88
henna,0,0.61,1.56,0.7
henny,0,0.467,1.18,0.54
henry,0,0.902,2.5,0.97
hepar,0,0.14,0.24,0.2
herby,0,0.752,1.93,0.86
herem,0,0.068,0.08,0.11
herma,0,0.128,0.2,0.19
herne,0,0.26,0.66,0.3
heron,1,0.695,1.56,0.87
herse,0,0.41,0.99,0.49
hertz,0,0.595,1.5,0.69
heuau,0,0.083,0.23,0.09
heugh,0,0.152,0.28,0.21
hewel,0,0.163,0.41,0.19
hewer,0,0.305,0.72,0.37
hexad,0,0.13,0.24,0.18
hexer,0,0.387,0.91,0.47
hexis,0,0.08,0.15,0.11
hexyl,0,0.145,0.3,0.19
hiant,0,0.075,0.09,0.12
hiate,0,0.167,0.34,0.22
hided,0,0.955,2.82,0.97
hider,0,0.78,2.04,0.88
hield,0,0.385,0.81,0.5
hight,0,0.215,0.42,0.29
hiker,0,0.853,2.21,0.97
hilch,0,0.088,0.2,0.11
hilly,1,0.862,2.35,0.94
hilsa,0,0.103,0.17,0.15
hilum,0,0.162,0.4,0.19
hilus,0,0.257,0.55,0.33
hinau,0,0.042,0.04,0.07
hinch,0,0.298,0.86,0.31
hinge,1,0.942,2.74,0.97
hinny,0,0.297,0.88,0.3
hiper,0,0.153,0.29,0.21
hippo,1,0.808,2.0,0.95
hippy,1,0.77,1.89,0.91
hired,0,0.975,2.91,0.98
hirer,0,0.623,1.7,0.68
hirse,0,0.398,1.01,0.46
hitch,1,0.863,2.36,0.94
hithe,0,0.177,0.37,0.23
hiver,0,0.21,0.63,0.21
hives,0,0.795,2.01,0.92
hoard,1,0.807,2.05,0.93
hoary,0,0.357,1.0,0.38
hoast,0,0.533,1.4,0.6
hobby,1,0.962,2.83,0.98
hocco,0,0.225,0.6,0.25
hocky,0,0.847,2.2,0.96
hocus,0,0.56,1.41,0.65
hoddy,0,0.245,0.51,0.32
hogan,0,0.477,1.18,0.56
hoggy,0,0.423,1.01,0.51
hoick,0,0.173,0.47,0.19
hoise,0,0.178,0.38,0.23
hoist,1,0.712,1.81,0.82
hokey,0,0.79,2.04,0.9
hokum,0,0.343,0.98,0.36
holer,0,0.433,1.13,0.49
holey,0,0.738,1.85,0.86
holia,0,0.11,0.18,0.16
holla,0,0.717,1.9,0.8
hollo,0,0.775,2.04,0.87
holly,1,0.873,2.33,0.97
homer,1,0.808,2.03,0.94
homey,0,0.692,1.75,0.8
honda,0,0.825,2.19,0.92
hondo,0,0.38,1.05,0.41
honey,1,0.993,2.99,0.99
honor,1,0.908,2.51,0.98
hooch,0,0.498,1.22,0.59
hooey,0,0.683,1.76,0.78
hoofs,0,0.815,2.13,0.92
hoofy,0,0.33,0.81,0.39
hooky,0,0.652,1.66,0.75
hooly,0,0.24,0.54,0.3
hoose,0,0.4,0.9,0.5
hoosh,0,0.285,0.78,0.31
hoove,0,0.492,1.03,0.64
hoped,0,0.968,2.87,0.98
hoper,0,0.465,1.23,0.52
hoppy,0,0.738,1.91,0.84
horal,0,0.153,0.41,0.17
horde,1,0.692,1.72,0.81
horme,0,0.127,0.28,0.16
horny,1,0.87,2.34,0.96
horse,1,0.982,2.92,0.99
horst,0,0.243,0.68,0.26
horsy,0,0.577,1.27,0.73
hosed,0,0.8,2.1,0.9
hosel,0,0.59,1.62,0.64
hotch,0,0.408,1.04,0.47
hotel,1,0.967,2.86,0.98
hotly,1,0.813,2.18,0.9
hough,0,0.365,0.84,0.45
hound,1,0.822,2.05,0.96
houri,0,0.252,0.79,0.24
house,1,0.995,3.0,0.99
housy,0,0.142,0.28,0.19
hovel,1,0.487,1.15,0.59
hoven,0,0.133,0.2,0.2
hover,1,0.84,2.22,0.94
howdy,1,0.76,1.83,0.91
howel,0,0.455,1.11,0.54
howff,0,0.12,0.15,0.19
howso,0,0.19,0.36,0.26
hoyle,0,0.458,1.16,0.53
huaca,0,0.052,0.07,0.08
huaco,0,0.073,0.11,0.11
hubba,0,0.492,1.45,0.5
hubby,0,0.87,2.4,0.94
hucho,0,0.083,0.2,0.1
huffy,0,0.562,1.63,0.58
hulky,0,0.64,1.59,0.75
human,1,0.992,2.98,0.99
humbo,0,0.26,0.63,0.31
humet,0,0.083,0.14,0.12
humic,0,0.17,0.42,0.2
humid,1,0.892,2.53,0.94
humin,0,0.148,0.29,0.2
humor,1,0.955,2.79,0.98
humph,1,0.845,2.34,0.91
humpy,0,0.55,1.41,0.63
humus,1,0.405,1.08,0.45
hunch,1,0.805,2.07,0.92
hundi,0,0.1,0.18,0.14
hunks,0,0.825,2.16,0.93
hunky,1,0.76,1.92,0.88
hurds,0,0.585,1.53,0.66
hurly,0,0.277,0.64,0.34
huron,0,0.503,1.22,0.6
hurry,1,0.988,2.99,0.98
hurst,0,0.492,1.42,0.51
hurty,0,0.737,1.96,0.82
husho,0,0.17,0.39,0.21
husky,1,0.817,2.08,0.94
hussy,1,0.625,1.5,0.75
hutch,1,0.707,1.84,0.8
hutia,0,0.098,0.23,0.12
huzza,0,0.58,1.26,0.74
hydro,1,0.72,1.89,0.81
hyena,1,0.703,1.7,0.84
hying,0,0.092,0.19,0.12
hyleg,0,0.043,0.02,0.08
hylic,0,0.06,0.06,0.1
hymen,1,0.508,1.43,0.54
hynde,0,0.145,0.27,0.2
hyoid,0,0.155,0.39,0.18
hyper,1,0.768,2.06,0.85
hypha,0,0.145,0.36,0.17
hypho,0,0.303,0.77,0.35
hyrax,0,0.203,0.68,0.18
hyson,0,0.14,0.33,0.17
iambi,0,0.142,0.28,0.19
ibota,0,0.093,0.17,0.13
icaco,0,0.058,0.08,0.09
ichor,0,0.202,0.64,0.19
icica,0,0.068,0.08,0.11
icily,1,0.648,1.7,0.73
icing,1,0.928,2.66,0.97
ictic,0,0.058,0.08,0.09
ictus,0,0.112,0.22,0.15
idant,0,0.108,0.2,0.15
iddat,0,0.033,0.02,0.06
ideal,1,0.893,2.45,0.97
idgah,0,0.052,0.07,0.08
idiom,1,0.823,2.12,0.94
idiot,1,0.91,2.55,0.97
idite,0,0.103,0.26,0.12
idler,1,0.757,1.99,0.85
idola,0,0.263,0.53,0.35
idose,0,0.23,0.6,0.26
idryl,0,0.037,0.04,0.06
idyll,1,0.45,1.2,0.5
igloo,1,0.79,1.92,0.94
ihram,0,0.075,0.18,0.09
ikona,0,0.225,0.69,0.22
ileac,0,0.14,0.3,0.18
ileon,0,0.142,0.25,0.2
ileum,0,0.277,0.82,0.28
ileus,0,0.118,0.26,0.15
iliac,1,0.198,0.53,0.22
ilial,0,0.092,0.13,0.14
iliau,0,0.085,0.18,0.11
ilima,0,0.077,0.13,0.11
ilium,0,0.303,0.86,0.32
illth,0,0.152,0.22,0.23
image,1,0.988,2.96,0.99
imago,0,0.183,0.5,0.2
imban,0,0.065,0.09,0.1
imbat,0,0.102,0.25,0.12
imbed,0,0.398,0.86,0.51
imber,0,0.17,0.33,0.23
imbue,1,0.458,1.28,0.49
imide,0,0.117,0.19,0.17
imine,0,0.173,0.35,0.23
imino,0,0.148,0.23,0.22
immew,0,0.058,0.11,0.08
immit,0,0.075,0.09,0.12
immix,0,0.087,0.19,0.11
impar,0,0.192,0.55,0.2
impel,1,0.525,1.44,0.57
impen,0,0.13,0.3,0.16
imply,1,0.885,2.46,0.95
impot,0,0.372,0.76,0.49
imshi,0,0.068,0.11,0.1
inaja,0,0.07,0.12,0.1
inane,1,0.498,1.25,0.58
inapt,0,0.443,1.19,0.49
inarm,0,0.06,0.09,0.09
inbox,1,0.95,2.82,0.96
incog,0,0.257,0.64,0.3
incur,1,0.583,1.55,0.65
incus,0,0.118,0.2,0.17
incut,0,0.133,0.23,0.19
indan,0,0.092,0.13,0.14
index,1,0.875,2.34,0.97
indic,0,0.278,0.65,0.34
indri,0,0.097,0.16,0.14
indue,0,0.267,0.73,0.29
indyl,0,0.123,0.23,0.17
inept,1,0.695,1.71,0.82
inerm,0,0.038,0.05,0.06
inert,1,0.698,1.76,0.81
infer,1,0.832,2.14,0.95
infit,0,0.195,0.48,0.23
infix,0,0.245,0.54,0.31
infra,0,0.463,1.4,0.46
ingle,0,0.283,0.53,0.39
ingot,1,0.388,1.07,0.42
inial,0,0.093,0.14,0.14
inion,0,0.122,0.16,0.19
inken,0,0.098,0.2,0.13
inker,0,0.538,1.31,0.64
inket,0,0.225,0.57,0.26
inkle,0,0.293,0.68,0.36
inlaw,0,0.895,2.49,0.96
inlay,1,0.57,1.32,0.7
inlet,1,0.728,1.79,0.86
inner,1,0.962,2.83,0.98
innet,0,0.157,0.34,0.2
inoma,0,0.082,0.13,0.12
inone,0,0.102,0.19,0.14
inorb,0,0.048,0.08,0.07
input,1,0.962,2.86,0.97
inrub,0,0.07,0.12,0.1
inrun,0,0.13,0.27,0.17
insea,0,0.053,0.05,0.09
insee,0,0.045,0.03,0.08
inset,0,0.613,1.58,0.7
inter,1,0.598,1.76,0.61
intil,0,0.127,0.22,0.18
intro,1,0.905,2.67,0.92
intue,0,0.145,0.36,0.17
inula,0,0.068,0.08,0.11
inure,0,0.263,0.86,0.24
inurn,0,0.135,0.33,0.16
inwit,0,0.097,0.16,0.14
iodic,0,0.343,0.83,0.41
iodol,0,0.212,0.37,0.3
ionic,1,0.697,1.75,0.81
irade,0,0.083,0.2,0.1
irate,1,0.662,1.63,0.78
irene,0,0.67,1.47,0.85
irian,0,0.173,0.38,0.22
iroko,0,0.112,0.28,0.13
irone,0,0.165,0.33,0.22
irony,1,0.877,2.38,0.96
islay,0,0.29,0.72,0.34
islet,1,0.515,1.32,0.59
islot,0,0.075,0.15,0.1
ismal,0,0.097,0.19,0.13
issei,0,0.118,0.2,0.17
issue,1,0.983,2.96,0.98
istle,0,0.283,0.62,0.36
itchy,1,0.967,2.89,0.97
itcze,0,0.055,0.06,0.09
itemy,0,0.108,0.29,0.12
ither,0,0.425,1.02,0.51
ivied,0,0.202,0.34,0.29
ivory,1,0.807,1.99,0.95
izard,0,0.265,0.51,0.36
izote,0,0.06,0.09,0.09
iztle,0,0.033,0.02,0.06
jabia,0,0.067,0.1,0.1
jabot,0,0.252,0.76,0.25
jabul,0,0.145,0.39,0.16
jacal,0,0.127,0.34,0.14
jacko,0,0.467,1.0,0.6
jaded,0,0.745,1.95,0.84
jagat,0,0.105,0.15,0.16
jager,0,0.375,1.08,0.39
jaggy,0,0.723,1.94,0.8
jagir,0,0.082,0.22,0.09
jagla,0,0.083,0.2,0.1
jagua,0,0.102,0.25,0.12
jakes,0,0.905,2.61,0.94
jalap,0,0.24,0.57,0.29
jaman,0,0.177,0.46,0.2
jambo,0,0.43,1.23,0.45
jammy,0,0.708,1.82,0.81
jantu,0,0.08,0.15,0.11
janua,0,0.105,0.18,0.15
japan,0,0.912,2.53,0.98
japer,0,0.358,0.95,0.4
jarra,0,0.188,0.5,0.21
jarry,0,0.292,0.64,0.37
jasey,0,0.388,1.04,0.43
jatha,0,0.062,0.07,0.1
jaunt,1,0.607,1.51,0.71
javer,0,0.18,0.45,0.21
jawab,0,0.12,0.39,0.11
jawed,0,0.527,1.42,0.58
jazzy,1,0.808,2.12,0.91
jeans,0,0.99,3.0,0.98
jeery,0,0.117,0.25,0.15
jehup,0,0.073,0.14,0.1
jelab,0,0.05,0.09,0.07
jelly,1,0.958,2.81,0.98
jemmy,0,0.473,1.1,0.58
jenna,0,0.84,2.19,0.95
jenny,0,0.908,2.57,0.96
jerez,0,0.265,0.81,0.26
jerib,0,0.053,0.05,0.09
jerky,1,0.822,2.11,0.94
jerry,0,0.875,2.34,0.97
jetty,1,0.612,1.45,0.74
jewel,1,0.882,2.35,0.98
jheel,0,0.132,0.28,0.17
jhool,0,0.18,0.57,0.17
jibby,0,0.292,0.82,0.31
jiboa,0,0.065,0.15,0.08
jiffy,1,0.763,1.97,0.87
jiggy,0,0.48,1.38,0.5
jihad,0,0.735,1.92,0.83
jimmy,0,0.915,2.58,0.97
jingo,0,0.333,1.04,0.32
jinja,0,0.132,0.25,0.18
jinks,0,0.527,1.36,0.6
jinni,0,0.417,1.09,0.47
jinny,0,0.507,1.21,0.61
jiqui,0,0.068,0.14,0.09
jirga,0,0.165,0.6,0.13
jitro,0,0.092,0.19,0.12
jixie,0,0.062,0.13,0.08
jocko,0,0.525,1.5,0.55
jocum,0,0.082,0.16,0.11
jodel,0,0.47,1.32,0.5
joint,1,0.962,2.86,0.97
joist,1,0.385,0.96,0.45
joker,1,0.913,2.54,0.98
jokul,0,0.112,0.22,0.15
jolly,1,0.93,2.67,0.97
jolty,0,0.677,1.72,0.78
joola,0,0.157,0.28,0.22
joree,0,0.092,0.16,0.13
jorum,0,0.133,0.26,0.18
joshi,0,0.137,0.25,0.19
josie,0,0.75,1.8,0.9
jotty,0,0.418,1.1,0.47
jough,0,0.177,0.4,0.22
joule,0,0.585,1.53,0.66
jours,0,0.28,0.72,0.32
joust,1,0.552,1.24,0.69
jowar,0,0.08,0.12,0.12
jowel,0,0.782,1.9,0.93
jower,0,0.14,0.36,0.16
jowly,0,0.528,1.37,0.6
jowpy,0,0.093,0.2,0.12
jubbe,0,0.117,0.25,0.15
judex,0,0.125,0.24,0.17
judge,1,0.957,2.8,0.98
jufti,0,0.085,0.15,0.12
jugal,0,0.088,0.17,0.12
juger,0,0.12,0.24,0.16
jugum,0,0.078,0.14,0.11
juice,1,0.995,3.0,0.99
juicy,1,0.948,2.75,0.98
julep,0,0.41,1.08,0.46
julid,0,0.077,0.13,0.11
julio,0,0.65,1.86,0.68
jumba,0,0.62,1.56,0.72
jumbo,1,0.843,2.21,0.95
jumby,0,0.27,0.72,0.3
jumma,0,0.213,0.53,0.25
jumpy,1,0.888,2.51,0.94
junta,1,0.475,1.35,0.5
junto,1,0.178,0.35,0.24
jupon,0,0.132,0.34,0.15
jural,0,0.135,0.21,0.2
jurat,0,0.173,0.53,0.17
jurel,0,0.13,0.27,0.17
juror,1,0.807,2.02,0.94
justo,0,0.278,0.77,0.3
jutka,0,0.068,0.08,0.11
jutty,0,0.502,1.27,0.58
juvia,0,0.107,0.19,0.15
kabel,0,0.277,0.91,0.25
kados,0,0.13,0.21,0.19
kafir,0,0.248,0.71,0.26
kafiz,0,0.038,0.02,0.07
kafta,0,0.178,0.56,0.17
kahar,0,0.097,0.22,0.12
kahau,0,0.062,0.1,0.09
kaiwi,0,0.05,0.06,0.08
kakar,0,0.107,0.19,0.15
kakke,0,0.107,0.22,0.14
kalon,0,0.18,0.48,0.2
kamao,0,0.095,0.21,0.12
kamas,0,0.258,0.65,0.3
kamik,0,0.172,0.46,0.19
kanae,0,0.072,0.07,0.12
kanap,0,0.168,0.47,0.18
kanat,0,0.085,0.15,0.12
kande,0,0.13,0.24,0.18
kaneh,0,0.107,0.22,0.14
kanga,0,0.653,1.76,0.72
kapai,0,0.107,0.31,0.11
kapok,0,0.197,0.67,0.17
kappa,1,0.322,0.88,0.35
kappe,0,0.085,0.12,0.13
kapur,0,0.095,0.21,0.12
kaput,0,0.483,1.55,0.45
karbi,0,0.057,0.07,0.09
karch,0,0.105,0.21,0.14
karma,1,0.815,2.13,0.92
karou,0,0.055,0.06,0.09
karri,0,0.173,0.44,0.2
karst,0,0.232,0.67,0.24
kashi,0,0.345,0.96,0.37
kassu,0,0.088,0.14,0.13
katar,0,0.312,0.85,0.34
katha,0,0.113,0.2,0.16
katun,0,0.123,0.29,0.15
kauri,0,0.19,0.57,0.19
kayak,1,0.775,1.95,0.9
kazoo,0,0.617,1.42,0.76
keach,0,0.253,0.56,0.32
keawe,0,0.058,0.08,0.09
kebab,1,0.742,1.96,0.83
kecky,0,0.128,0.26,0.17
kedge,0,0.18,0.3,0.26
keech,0,0.177,0.37,0.23
keena,0,0.193,0.41,0.25
keest,0,0.138,0.26,0.19
keeve,0,0.083,0.14,0.12
kefir,0,0.318,1.1,0.27
keita,0,0.228,0.62,0.25
keleh,0,0.052,0.04,0.09
kelek,0,0.047,0.04,0.08
kelep,0,0.073,0.14,0.1
kella,0,0.192,0.37,0.26
kelly,0,0.862,2.35,0.94
kelpy,0,0.405,1.17,0.42
kelty,0,0.345,1.02,0.35
kempt,0,0.352,0.88,0.41
kempy,0,0.168,0.38,0.21
kenaf,0,0.072,0.13,0.1
kench,0,0.175,0.42,0.21
kenno,0,0.122,0.22,0.17
kerat,0,0.095,0.15,0.14
kerel,0,0.057,0.07,0.09
kerry,0,0.718,1.64,0.89
ketal,0,0.13,0.18,0.2
ketch,0,0.317,0.85,0.35
keten,0,0.153,0.35,0.19
ketol,0,0.107,0.19,0.15
kette,0,0.12,0.27,0.15
ketty,0,0.558,1.31,0.68
ketyl,0,0.088,0.11,0.14
kevel,0,0.125,0.24,0.17
keyed,0,0.747,1.96,0.84
khadi,0,0.163,0.44,0.18
khair,0,0.163,0.32,0.22
khaja,0,0.078,0.11,0.12
khaki,1,0.775,2.01,0.88
khass,0,0.058,0.08,0.09
khoja,0,0.09,0.18,0.12
khoka,0,0.088,0.14,0.13
khula,0,0.067,0.1,0.1
khvat,0,0.043,0.05,0.07
kiack,0,0.143,0.35,0.17
kiaki,0,0.085,0.12,0.13
kiang,0,0.095,0.15,0.14
kibei,0,0.065,0.12,0.09
kiddy,0,0.788,1.97,0.92
kieye,0,0.175,0.3,0.25
kikar,0,0.078,0.11,0.12
kilah,0,0.093,0.17,0.13
kilan,0,0.098,0.23,0.12
kileh,0,0.058,0.08,0.09
kiley,0,0.307,0.58,0.42
kilim,0,0.32,1.08,0.28
killy,0,0.712,1.81,0.82
kinah,0,0.078,0.11,0.12
kinch,0,0.218,0.5,0.27
kinky,1,0.762,1.93,0.88
kioea,0,0.065,0.09,0.1
kiosk,1,0.578,1.7,0.59
kippy,0,0.322,0.85,0.36
kirve,0,0.053,0.08,0.08
kishy,0,0.152,0.34,0.19
kisra,0,0.055,0.06,0.09
kissy,0,0.452,1.27,0.48
kiswa,0,0.17,0.36,0.22
kitab,0,0.108,0.17,0.16
kitar,0,0.092,0.19,0.12
kithe,0,0.1,0.12,0.16
kitty,1,0.953,2.78,0.98
kiver,0,0.087,0.16,0.12
kiyas,0,0.06,0.09,0.09
klops,0,0.133,0.35,0.15
klosh,0,0.103,0.2,0.14
knack,1,0.748,1.94,0.85
knape,0,0.135,0.24,0.19
knark,0,0.192,0.49,0.22
knave,1,0.487,1.21,0.57
knead,1,0.775,2.01,0.88
kneed,1,0.727,1.87,0.83
kneel,1,0.868,2.3,0.97
knell,0,0.473,1.19,0.55
knelt,1,0.543,1.37,0.63
knezi,0,0.063,0.08,0.1
kniaz,0,0.137,0.37,0.15
knick,0,0.572,1.57,0.62
knife,1,0.988,2.99,0.98
knock,1,0.993,2.99,0.99
knoll,1,0.478,1.22,0.55
knosp,0,0.102,0.16,0.15
knout,0,0.187,0.49,0.21
knowe,0,0.173,0.35,0.23
known,1,0.98,2.94,0.98
knurl,0,0.112,0.1,0.19
knyaz,0,0.095,0.27,0.1
koala,1,0.782,1.87,0.94
koali,0,0.388,1.01,0.44
koban,0,0.118,0.29,0.14
kodak,0,0.735,1.74,0.89
kodro,0,0.05,0.06,0.08
kohua,0,0.14,0.36,0.16
koila,0,0.088,0.17,0.12
koine,0,0.133,0.32,0.16
kokam,0,0.063,0.11,0.09
kokan,0,0.088,0.14,0.13
kokil,0,0.06,0.09,0.09
kokio,0,0.062,0.1,0.09
kokra,0,0.075,0.12,0.11
kokum,0,0.053,0.08,0.08
kolea,0,0.088,0.14,0.13
kombu,0,0.228,0.77,0.2
konak,0,0.067,0.1,0.1
kongu,0,0.065,0.12,0.09
kooka,0,0.305,0.9,0.31
koppa,0,0.097,0.13,0.15
korec,0,0.057,0.07,0.09
korin,0,0.115,0.21,0.16
kosin,0,0.083,0.14,0.12
kotal,0,0.132,0.37,0.14
kouza,0,0.072,0.13,0.1
kovil,0,0.06,0.06,0.1
koyan,0,0.062,0.07,0.1
kraal,0,0.223,0.68,0.22
kraft,0,0.588,1.61,0.64
krait,0,0.163,0.47,0.17
krama,0,0.073,0.14,0.1
kraut,0,0.72,1.86,0.82
kreis,0,0.13,0.21,0.19
krems,0,0.135,0.21,0.2
kreng,0,0.093,0.26,0.1
krill,1,0.43,1.11,0.49
krina,0,0.077,0.1,0.12
krome,0,0.202,0.4,0.27
krona,0,0.345,0.96,0.37
krone,0,0.338,0.98,0.35
kroon,0,0.158,0.35,0.2
krosa,0,0.083,0.11,0.13
kubba,0,0.102,0.22,0.13
kudos,0,0.698,1.82,0.79
kudzu,0,0.247,0.85,0.21
kugel,0,0.14,0.33,0.17
kukri,0,0.213,0.74,0.18
kukui,0,0.087,0.19,0.11
kulah,0,0.093,0.17,0.13
kulak,0,0.148,0.44,0.15
kumbi,0,0.105,0.24,0.13
kunai,0,0.207,0.58,0.22
kurus,0,0.085,0.12,0.13
kusam,0,0.063,0.08,0.1
kusha,0,0.127,0.28,0.16
kusti,0,0.082,0.13,0.12
kusum,0,0.053,0.05,0.09
kvass,0,0.175,0.57,0.16
kvint,0,0.078,0.14,0.11
kyack,0,0.402,1.06,0.45
kylix,0,0.077,0.1,0.12
laang,0,0.112,0.34,0.11
labba,0,0.17,0.45,0.19
label,1,0.983,2.96,0.98
labia,0,0.497,1.36,0.54
labis,0,0.097,0.19,0.13
labor,1,0.91,2.58,0.96
labra,0,0.19,0.45,0.23
lacca,0,0.25,0.69,0.27
laced,0,0.84,2.22,0.94
lacer,0,0.415,1.11,0.46
lacet,0,0.897,2.56,0.94
lache,0,0.157,0.49,0.15
lacis,0,0.122,0.25,0.16
lacto,0,0.222,0.46,0.29
laden,1,0.658,1.76,0.73
lader,0,0.418,1.1,0.47
ladle,1,0.705,1.77,0.82
laeti,0,0.055,0.06,0.09
lagan,0,0.092,0.13,0.14
lagen,0,0.103,0.17,0.15
lager,1,0.81,2.13,0.91
lagna,0,0.07,0.12,0.1
laich,0,0.088,0.23,0.1
laigh,0,0.147,0.22,0.22
laine,0,0.413,1.25,0.41
laird,0,0.557,1.36,0.66
lairy,0,0.297,0.7,0.36
laity,0,0.432,1.12,0.49
laker,0,0.67,1.74,0.76
lakie,0,0.195,0.39,0.26
lamba,0,0.398,1.4,0.33
lamby,0,0.283,0.65,0.35
lamel,0,0.272,0.7,0.31
lamia,0,0.255,0.75,0.26
lamin,0,0.235,0.75,0.22
lammy,0,0.265,0.63,0.32
lanas,0,0.132,0.28,0.17
lanaz,0,0.072,0.13,0.1
lance,1,0.798,1.97,0.94
laney,0,0.482,1.3,0.53
langi,0,0.092,0.19,0.12
lanky,1,0.748,1.91,0.86
lanum,0,0.122,0.22,0.17
lapel,1,0.722,1.84,0.83
lapon,0,0.182,0.37,0.24
lapse,1,0.797,2.02,0.92
lapsi,0,0.107,0.22,0.14
larch,0,0.483,1.22,0.56
lardy,0,0.398,0.8,0.53
large,1,0.995,3.0,0.99
largo,0,0.403,1.19,0.41
larid,0,0.08,0.15,0.11
larin,0,0.068,0.08,0.11
larky,0,0.572,1.54,0.63
larry,0,0.868,2.33,0.96
larva,1,0.62,1.5,0.74
larve,0,0.25,0.63,0.29
laser,0,0.897,2.47,0.97
lasso,1,0.77,1.92,0.9
lasty,0,0.16,0.33,0.21
latah,0,0.072,0.1,0.11
latch,1,0.917,2.65,0.95
lated,0,0.303,0.8,0.34
laten,0,0.902,2.53,0.96
later,1,0.987,2.98,0.98
latex,0,0.702,1.72,0.83
lathe,1,0.543,1.13,0.71
lathy,0,0.217,0.61,0.23
latro,0,0.135,0.3,0.17
latte,1,0.877,2.41,0.95
latus,0,0.137,0.25,0.19
lauan,0,0.097,0.19,0.13
laugh,1,0.995,3.0,0.99
lauia,0,0.082,0.19,0.1
laund,0,0.293,0.83,0.31
laura,0,0.862,2.29,0.96
laver,0,0.468,1.37,0.48
lavic,0,0.082,0.16,0.11
lawny,0,0.363,0.8,0.46
lawzy,0,0.215,0.57,0.24
laxly,0,0.513,1.43,0.55
layer,1,0.963,2.84,0.98
layne,0,0.453,0.95,0.59
lazar,0,0.378,0.95,0.44
leach,1,0.608,1.7,0.65
leady,0,0.155,0.3,0.21
leafy,1,0.84,2.25,0.93
leaky,1,0.873,2.45,0.93
leant,1,0.757,2.08,0.82
leapt,1,0.822,2.14,0.93
learn,1,0.995,3.0,0.99
lease,1,0.897,2.5,0.96
leash,1,0.895,2.49,0.96
least,1,0.985,2.97,0.98
leath,0,0.25,0.63,0.29
leave,1,0.995,3.0,0.99
leavy,0,0.393,0.92,0.48
leban,0,0.328,0.86,0.37
leden,0,0.225,0.6,0.25
ledge,1,0.763,1.94,0.88
ledgy,0,0.315,0.84,0.35
ledol,0,0.117,0.22,0.16
leech,1,0.772,1.93,0.9
leeky,0,0.523,1.4,0.58
leery,1,0.665,1.8,0.73
lefty,1,0.857,2.32,0.94
legal,1,0.965,2.85,0.98
leger,0,0.238,0.68,0.25
leges,0,0.157,0.22,0.24
leggy,1,0.755,1.95,0.86
legit,0,0.853,2.45,0.89
legoa,0,0.222,0.64,0.23
legua,0,0.168,0.47,0.18
lehua,0,0.07,0.12,0.1
lekha,0,0.085,0.12,0.13
leman,0,0.223,0.59,0.25
lemel,0,0.065,0.09,0.1
lemma,0,0.385,0.93,0.46
lemon,1,0.992,2.98,0.99
lemur,1,0.62,1.35,0.79
lenad,0,0.063,0.08,0.1
lench,0,0.327,0.82,0.38
lenis,0,0.093,0.11,0.15
lenth,0,0.28,0.78,0.3
lento,0,0.312,0.85,0.34
leper,1,0.625,1.5,0.75
lepra,0,0.273,0.62,0.34
lerot,0,0.055,0.06,0.09
lesiy,0,0.075,0.12,0.11
lessn,0,0.268,0.68,0.31
letch,0,0.475,1.2,0.55
letup,0,0.645,1.77,0.7
leuch,0,0.078,0.17,0.1
leuco,0,0.13,0.24,0.18
leuma,0,0.058,0.08,0.09
levee,0,0.57,1.53,0.63
level,1,0.985,2.97,0.98
lever,1,0.892,2.47,0.96
levin,0,0.358,0.77,0.46
levir,0,0.085,0.18,0.11
lewis,0,0.77,1.92,0.9
lewth,0,0.187,0.49,0.21
lexia,0,0.188,0.41,0.24
liana,0,0.26,0.84,0.24
liang,0,0.143,0.35,0.17
liard,0,0.098,0.14,0.15
libel,1,0.627,1.51,0.75
liber,0,0.368,0.8,0.47
libra,0,0.708,1.79,0.82
licca,0,0.108,0.17,0.16
lichi,0,0.378,1.04,0.41
licit,0,0.14,0.3,0.18
liege,1,0.293,0.83,0.31
liesh,0,0.138,0.35,0.16
lieue,0,0.112,0.31,0.12
lieve,0,0.31,0.93,0.31
lifer,0,0.82,2.16,0.92
lifey,0,0.133,0.29,0.17
ligas,0,0.23,0.72,0.22
light,1,0.995,3.0,0.99
ligne,0,0.328,0.86,0.37
liken,1,0.603,1.46,0.72
liker,0,0.755,1.98,0.85
likin,0,0.055,0.06,0.09
lilac,1,0.797,1.96,0.94
liman,0,0.152,0.37,0.18
limbo,1,0.737,1.84,0.86
limby,0,0.203,0.41,0.27
limen,0,0.193,0.59,0.19
limer,0,0.35,0.81,0.43
limes,0,0.928,2.69,0.96
limey,0,0.542,1.27,0.66
limit,1,0.983,2.96,0.98
limma,0,0.063,0.08,0.1
limmu,0,0.048,0.05,0.08
limpy,0,0.685,1.77,0.78
limsy,0,0.187,0.37,0.25
linch,0,0.572,1.51,0.64
lindo,0,0.243,0.65,0.27
linea,0,0.337,0.79,0.41
lined,0,0.927,2.71,0.95
linen,1,0.823,2.15,0.93
liner,1,0.802,2.05,0.92
linga,0,0.142,0.28,0.19
linge,0,0.227,0.61,0.25
lingo,1,0.753,2.0,0.84
lingy,0,0.088,0.17,0.12
linha,0,0.183,0.44,0.22
linie,0,0.237,0.61,0.27
linin,0,0.38,0.9,0.46
linja,0,0.165,0.39,0.2
linje,0,0.14,0.33,0.17
links,0,0.967,2.92,0.96
linky,0,0.295,0.78,0.33
linon,0,0.322,0.91,0.34
linty,0,0.427,1.03,0.51
lipid,1,0.552,1.51,0.6
lipin,0,0.145,0.33,0.18
lippy,0,0.538,1.46,0.59
lisle,0,0.325,0.75,0.4
litas,0,0.123,0.23,0.17
litch,0,0.21,0.48,0.26
liter,0,0.917,2.71,0.93
lithe,1,0.563,1.46,0.64
lithi,0,0.143,0.29,0.19
litho,0,0.26,0.69,0.29
lithy,0,0.16,0.33,0.21
litra,0,0.452,1.33,0.46
litus,0,0.108,0.17,0.16
lived,0,0.977,2.92,0.98
liven,0,0.508,1.25,0.6
liver,1,0.963,2.84,0.98
livid,1,0.698,1.7,0.83
livor,0,0.13,0.24,0.18
livre,0,0.28,0.72,0.32
liwan,0,0.083,0.14,0.12
llama,1,0.722,1.75,0.86
llano,0,0.283,0.86,0.28
loach,0,0.363,1.04,0.38
loamy,1,0.485,1.26,0.55
loath,1,0.712,1.75,0.84
loave,0,0.433,1.07,0.51
lobal,0,0.92,2.64,0.96
lobar,0,0.282,0.79,0.3
lobby,1,0.885,2.43,0.96
lobed,0,0.49,1.23,0.57
local,1,0.987,2.98,0.98
lochy,0,0.265,0.75,0.28
locky,0,0.288,0.74,0.33
locum,0,0.168,0.47,0.18
locus,1,0.373,1.01,0.41
lodge,1,0.818,2.09,0.94
loess,0,0.133,0.29,0.17
lofty,1,0.713,1.76,0.84
logia,0,0.17,0.27,0.25
logic,1,0.952,2.77,0.98
logie,0,0.19,0.39,0.25
login,1,0.972,2.89,0.98
logoi,0,0.122,0.19,0.18
logos,0,0.478,1.25,0.54
lohan,0,0.243,0.68,0.26
lokao,0,0.08,0.15,0.11
loket,0,0.085,0.18,0.11
lolly,0,0.91,2.58,0.96
longa,0,0.135,0.24,0.19
longe,0,0.395,1.02,0.45
longs,0,0.752,2.02,0.83
looby,0,0.278,0.71,0.32
loony,0,0.8,2.01,0.93
loopy,1,0.767,1.99,0.87
loose,1,0.982,2.95,0.98
loper,0,0.433,1.22,0.46
loppy,0,0.34,0.9,0.38
loral,0,0.178,0.38,0.23
loran,0,0.097,0.13,0.15
lordy,0,0.662,1.51,0.82
lored,0,0.255,0.66,0.29
loric,0,0.093,0.17,0.13
loris,0,0.32,0.9,0.34
lorry,1,0.78,2.07,0.87
lorum,0,0.34,0.81,0.41
losel,0,0.147,0.25,0.21
loser,1,0.94,2.7,0.98
lotic,0,0.075,0.09,0.12
lotto,0,0.743,1.88,0.86
lotus,0,0.732,1.72,0.89
louch,0,0.177,0.34,0.24
louey,0,0.223,0.41,0.31
lough,0,0.47,1.2,0.54
loulu,0,0.058,0.08,0.09
loupe,0,0.313,0.95,0.31
louse,1,0.788,1.94,0.93
lousy,1,0.737,1.78,0.88
louty,0,0.208,0.44,0.27
lover,1,0.955,2.79,0.98
lowan,0,0.135,0.27,0.18
lower,1,0.987,2.98,0.98
lowly,1,0.752,1.84,0.89
lowth,0,0.182,0.4,0.23
loxia,0,0.068,0.08,0.11
loxic,0,0.083,0.14,0.12
loyal,1,0.922,2.62,0.97
lubra,0,0.222,0.55,0.26
lucet,0,0.122,0.19,0.18
lucid,1,0.75,1.92,0.86
lucky,1,0.98,2.94,0.98
lucre,0,0.442,1.12,0.51
luger,0,0.375,1.05,0.4
lulab,0,0.09,0.18,0.12
lumen,1,0.465,1.35,0.48
lummy,0,0.143,0.32,0.18
lumpy,1,0.802,2.05,0.92
lunar,1,0.7,1.68,0.84
lunch,1,0.995,3.0,0.99
lunes,0,0.443,1.19,0.49
lunge,1,0.818,2.09,0.94
lungi,0,0.42,1.41,0.37
lungy,0,0.58,1.38,0.7
lupis,0,0.083,0.11,0.13
lupus,1,0.597,1.51,0.69
lural,0,0.102,0.19,0.14
lurch,1,0.74,1.89,0.85
lurer,0,0.642,1.66,0.73
lurid,1,0.535,1.35,0.62
lurky,0,0.38,0.84,0.48
lurry,0,0.278,0.56,0.37
lushy,0,0.657,1.6,0.78
lusky,0,0.138,0.23,0.2
lusty,1,0.72,1.8,0.84
luteo,0,0.078,0.11,0.12
luter,0,0.293,0.56,0.4
luxus,0,0.32,0.75,0.39
lyard,0,0.242,0.58,0.29
lycid,0,0.067,0.1,0.1
lyery,0,0.083,0.14,0.12
lying,1,0.985,2.97,0.98
lymph,1,0.585,1.53,0.66
lynch,0,0.745,1.86,0.87
lyric,1,0.842,2.2,0.95
lysin,0,0.297,0.82,0.32
lysis,0,0.182,0.43,0.22
lyssa,0,0.118,0.23,0.16
lytic,0,0.267,0.79,0.27
lytta,0,0.083,0.11,0.13
macan,0,0.247,0.79,0.23
macao,0,0.478,1.28,0.53
macaw,1,0.663,1.52,0.82
macco,0,0.215,0.51,0.26
macer,0,0.253,0.8,0.24
machi,0,0.22,0.54,0.26
macho,1,0.77,2.04,0.86
macle,0,0.14,0.27,0.19
macro,1,0.752,1.96,0.85
madam,1,0.828,2.06,0.97
madid,0,0.085,0.15,0.12
madly,1,0.838,2.21,0.94
mafia,1,0.845,2.19,0.96
mafic,0,0.11,0.18,0.16
mafoo,0,0.087,0.19,0.11
magas,0,0.18,0.42,0.22
magic,1,0.96,2.79,0.99
magma,1,0.575,1.35,0.7
magot,0,0.287,0.79,0.31
mahar,0,0.212,0.55,0.24
mahoe,0,0.095,0.21,0.12
mahua,0,0.047,0.07,0.07
maidy,0,0.258,0.56,0.33
maiid,0,0.117,0.31,0.13
mains,0,0.833,2.42,0.86
maint,0,0.525,1.5,0.55
maire,0,0.312,0.94,0.31
maize,1,0.698,1.7,0.83
major,1,0.98,2.94,0.98
maker,1,0.953,2.81,0.97
makuk,0,0.072,0.1,0.11
malar,0,0.223,0.5,0.28
malax,0,0.068,0.11,0.1
maleo,0,0.128,0.29,0.16
malic,0,0.352,0.76,0.45
malik,0,0.325,0.87,0.36
malmy,0,0.08,0.12,0.12
malty,0,0.645,1.62,0.75
mamba,0,0.625,1.53,0.74
mambo,1,0.667,1.66,0.78
mamma,1,0.71,1.74,0.84
mammy,1,0.752,1.75,0.92
manal,0,0.135,0.3,0.17
manas,0,0.16,0.33,0.21
maned,0,0.523,1.37,0.59
manei,0,0.175,0.42,0.21
manes,0,0.712,1.78,0.83
maney,0,0.43,1.23,0.45
manga,1,0.69,1.77,0.79
mange,1,0.62,1.41,0.77
mangi,0,0.157,0.37,0.19
mango,1,0.852,2.2,0.97
mangy,1,0.543,1.34,0.64
mania,1,0.793,2.0,0.92
manic,1,0.765,1.95,0.88
manid,0,0.087,0.13,0.13
maniu,0,0.107,0.22,0.14
manly,1,0.842,2.17,0.96
manna,0,0.568,1.28,0.71
manny,0,0.773,1.97,0.89
manoc,0,0.103,0.2,0.14
manor,1,0.69,1.65,0.83
manse,0,0.228,0.71,0.22
manso,0,0.117,0.22,0.16
manta,0,0.533,1.37,0.61
manto,0,0.248,0.74,0.25
manul,0,0.187,0.43,0.23
manus,0,0.257,0.58,0.32
mapau,0,0.072,0.16,0.09
maple,1,0.895,2.46,0.97
mappy,0,0.27,0.72,0.3
maqui,0,0.105,0.24,0.13
marae,0,0.093,0.2,0.12
maral,0,0.113,0.26,0.14
march,1,0.968,2.87,0.98
marco,0,0.673,1.58,0.82
mardy,0,0.387,0.94,0.46
marge,0,0.755,1.92,0.87
maria,0,0.883,2.42,0.96
marid,0,0.123,0.29,0.15
maris,0,0.323,0.77,0.39
marka,0,0.17,0.45,0.19
marli,0,0.198,0.53,0.22
marly,0,0.343,1.01,0.35
marok,0,0.115,0.21,0.16
marry,1,0.975,2.88,0.99
marsh,1,0.782,1.93,0.92
masha,0,0.372,1.03,0.4
mashy,0,0.657,1.78,0.72
mason,1,0.865,2.31,0.96
massa,0,0.352,0.94,0.39
masse,1,0.768,2.03,0.86
massy,0,0.462,1.15,0.54
masty,0,0.182,0.37,0.24
matai,0,0.093,0.2,0.12
matax,0,0.055,0.06,0.09
match,1,0.987,2.98,0.98
mater,0,0.405,1.11,0.44
matey,1,0.603,1.49,0.71
matin,0,0.242,0.61,0.28
matka,0,0.095,0.15,0.14
matra,0,0.188,0.47,0.22
matsu,0,0.203,0.5,0.24
matta,0,0.542,1.63,0.54
matte,0,0.81,2.1,0.92
matti,0,0.288,0.86,0.29
matzo,0,0.42,1.17,0.45
maugh,0,0.26,0.75,0.27
maund,0,0.195,0.48,0.23
mauve,1,0.583,1.43,0.69
mavis,0,0.407,1.0,0.48
mawky,0,0.13,0.27,0.17
maxim,1,0.657,1.63,0.77
maybe,1,0.993,2.99,0.99
maynt,0,0.112,0.22,0.15
mayor,1,0.907,2.53,0.97
mazed,0,0.708,1.73,0.84
mazer,0,0.247,0.7,0.26
mazic,0,0.312,0.73,0.38
mazut,0,0.053,0.05,0.09
mbori,0,0.045,0.06,0.07
mealy,1,0.705,1.8,0.81
meant,1,0.972,2.92,0.97
mease,0,0.15,0.21,0.23
meaty,1,0.87,2.37,0.95
mecca,1,0.767,1.87,0.91
mecon,0,0.088,0.14,0.13
medal,1,0.875,2.34,0.97
media,1,0.967,2.89,0.97
medic,1,0.797,1.99,0.93
medio,0,0.308,0.86,0.33
meece,0,0.167,0.34,0.22
meese,0,0.365,0.93,0.42
meile,0,0.303,0.95,0.29
meith,0,0.148,0.35,0.18
melam,0,0.147,0.31,0.19
melch,0,0.128,0.23,0.18
melee,1,0.572,1.42,0.67
melic,0,0.115,0.21,0.16
meloe,0,0.197,0.43,0.25
melon,1,0.903,2.51,0.97
melos,0,0.092,0.13,0.14
mends,0,0.865,2.4,0.93
mensa,0,0.445,1.23,0.48
mense,0,0.255,0.54,0.33
mensk,0,0.432,1.15,0.48
merch,0,0.768,2.18,0.81
mercy,1,0.86,2.25,0.97
merel,0,0.162,0.43,0.18
merge,1,0.898,2.51,0.96
mergh,0,0.063,0.11,0.09
meril,0,0.135,0.3,0.17
merit,1,0.827,2.11,0.95
merle,0,0.45,1.2,0.5
merop,0,0.072,0.13,0.1
meros,0,0.113,0.2,0.16
merry,1,0.917,2.56,0.98
merse,0,0.3,0.75,0.35
mesad,0,0.148,0.41,0.16
mesal,0,0.367,1.09,0.37
mesem,0,0.077,0.16,0.1
meshy,0,0.34,0.96,0.36
mesic,0,0.11,0.24,0.14
mesne,0,0.063,0.08,0.1
meson,0,0.318,0.71,0.4
messe,0,0.355,1.05,0.36
messy,0,0.98,2.94,0.98
metad,0,0.183,0.38,0.24
metal,1,0.992,2.98,0.99
metel,0,0.17,0.33,0.23
meter,1,0.952,2.8,0.97
metic,0,0.262,0.64,0.31
metis,0,0.252,0.7,0.27
metra,0,0.427,1.21,0.45
metro,1,0.895,2.52,0.95
metze,0,0.068,0.08,0.11
meuse,0,0.117,0.22,0.16
meute,0,0.083,0.17,0.11
mewer,0,0.377,1.09,0.39
mezzo,0,0.358,1.04,0.37
miaow,0,0.73,1.92,0.82
miasm,0,0.142,0.37,0.16
miaul,0,0.595,1.56,0.67
miche,0,0.277,0.7,0.32
micht,0,0.173,0.41,0.21
micro,1,0.783,2.12,0.86
middy,0,0.347,0.94,0.38
midge,1,0.393,1.16,0.4
midgy,0,0.335,0.87,0.38
midst,1,0.788,2.03,0.9
miffy,0,0.542,1.21,0.68
might,1,0.972,2.89,0.98
mikie,0,0.372,0.88,0.45
milch,0,0.095,0.12,0.15
miler,0,0.753,2.0,0.84
milha,0,0.152,0.4,0.17
milky,1,0.957,2.8,0.98
milla,0,0.518,1.58,0.51
mille,0,0.295,0.75,0.34
milpa,0,0.133,0.41,0.13
milty,0,0.328,0.71,0.42
mimeo,0,0.187,0.55,0.19
mimer,0,0.183,0.38,0.24
mimic,1,0.815,2.07,0.94
mimly,0,0.053,0.08,0.08
minar,0,0.198,0.59,0.2
mince,1,0.872,2.44,0.93
miner,1,0.835,2.13,0.96
mines,0,0.912,2.59,0.96
minge,0,0.162,0.34,0.21
mingy,0,0.388,1.07,0.42
minim,1,0.288,0.62,0.37
minny,0,0.315,0.72,0.39
minor,1,0.932,2.68,0.97
minot,0,0.452,1.18,0.51
minty,1,0.818,2.18,0.91
minus,1,0.978,2.96,0.97
miqra,0,0.048,0.05,0.08
mirid,0,0.067,0.07,0.11
mirth,1,0.475,1.17,0.56
mirza,0,0.212,0.61,0.22
misdo,0,0.112,0.25,0.14
miser,1,0.788,1.97,0.92
misgo,0,0.117,0.25,0.15
misky,0,0.15,0.36,0.18
missy,1,0.758,1.91,0.88
misty,0,0.855,2.25,0.96
miter,0,0.518,1.22,0.63
mitis,0,0.102,0.19,0.14
mitra,0,0.213,0.65,0.21
mitre,0,0.438,1.13,0.5
mitty,0,0.4,1.11,0.43
mixed,0,0.987,2.98,0.98
mixen,0,0.178,0.32,0.25
mixer,0,0.938,2.72,0.97
mizzy,0,0.37,0.87,0.45
mneme,0,0.108,0.17,0.16
mobby,0,0.55,1.5,0.6
mobed,0,0.198,0.47,0.24
moble,0,0.227,0.61,0.25
mocha,1,0.862,2.32,0.95
modal,1,0.62,1.5,0.74
model,1,0.965,2.85,0.98
modem,1,0.648,1.61,0.76
moggy,0,0.593,1.55,0.67
mogul,1,0.722,1.81,0.84
mohar,0,0.068,0.08,0.11
mohel,0,0.097,0.22,0.12
mohur,0,0.088,0.11,0.14
moire,0,0.223,0.65,0.23
moise,0,0.312,0.67,0.4
moist,1,0.908,2.54,0.97
moity,0,0.177,0.34,0.24
mokum,0,0.072,0.1,0.11
molal,0,0.183,0.47,0.21
molar,1,0.793,2.0,0.92
moldy,1,0.853,2.3,0.94
moler,0,0.177,0.55,0.17
molka,0,0.088,0.17,0.12
molle,0,0.245,0.6,0.29
molly,0,0.867,2.32,0.96
molpe,0,0.103,0.2,0.14
momme,0,0.142,0.31,0.18
mommy,0,0.927,2.62,0.98
monad,0,0.182,0.46,0.21
monal,0,0.2,0.48,0.24
monas,0,0.135,0.24,0.19
monel,0,0.095,0.09,0.16
moner,0,0.15,0.39,0.17
money,1,0.995,3.0,0.99
monny,0,0.205,0.45,0.26
monte,0,0.592,1.54,0.67
month,1,0.993,2.99,0.99
mooch,0,0.662,1.81,0.72
moody,1,0.93,2.7,0.96
mools,0,0.288,0.74,0.33
moony,0,0.328,0.8,0.39
moorn,0,0.297,0.58,0.4
moors,0,0.632,1.54,0.75
moory,0,0.16,0.27,0.23
moosa,0,0.147,0.25,0.21
moose,1,0.815,1.98,0.97
moost,0,0.175,0.3,0.25
mooth,0,0.19,0.54,0.2
moper,0,0.432,1.24,0.45
mopla,0,0.055,0.09,0.08
moppy,0,0.407,1.15,0.43
mopsy,0,0.292,0.79,0.32
mopus,0,0.115,0.27,0.14
moral,1,0.968,2.87,0.98
morat,0,0.15,0.33,0.19
moray,0,0.378,1.04,0.41
morel,0,0.398,1.07,0.44
mores,0,0.353,0.95,0.39
morga,0,0.187,0.37,0.25
moric,0,0.102,0.19,0.14
morin,0,0.108,0.2,0.15
mormo,0,0.132,0.31,0.16
morne,0,0.218,0.59,0.24
moroc,0,0.208,0.44,0.27
moron,1,0.81,2.04,0.94
morph,1,0.747,1.9,0.86
morse,0,0.733,1.76,0.88
morth,0,0.145,0.33,0.18
mosey,0,0.447,1.03,0.55
mossy,1,0.805,2.04,0.93
moste,0,0.215,0.54,0.25
moted,0,0.208,0.5,0.25
motel,1,0.845,2.19,0.96
moter,0,0.207,0.43,0.27
motet,0,0.212,0.61,0.22
motey,0,0.205,0.33,0.3
mothy,0,0.34,0.84,0.4
motif,1,0.645,1.59,0.76
motor,1,0.98,2.94,0.98
motte,0,0.295,0.69,0.36
motto,1,0.798,2.0,0.93
moudy,0,0.177,0.4,0.22
mould,0,0.795,2.04,0.91
moule,0,0.41,1.17,0.43
mouls,0,0.58,1.41,0.69
moult,1,0.31,0.78,0.36
mouly,0,0.343,0.89,0.39
mound,1,0.812,2.02,0.95
mount,1,0.975,2.91,0.98
mourn,1,0.832,2.11,0.96
mouse,1,0.993,2.99,0.99
mousy,0,0.712,1.75,0.84
mouth,1,0.995,3.0,0.99
mover,1,0.888,2.51,0.94
movie,1,0.993,2.99,0.99
mowch,0,0.185,0.42,0.23
mower,1,0.85,2.25,0.95
mowha,0,0.085,0.18,0.11
mowie,0,0.165,0.39,0.2
mowra,0,0.097,0.25,0.11
mowse,0,0.327,0.76,0.4
mowth,0,0.14,0.3,0.18
moyen,0,0.19,0.45,0.23
moyle,0,0.215,0.54,0.25
mpret,0,0.073,0.17,0.09
muang,0,0.078,0.11,0.12
mucic,0,0.08,0.12,0.12
mucid,0,0.202,0.64,0.19
mucin,0,0.148,0.41,0.16
mucky,1,0.74,1.92,0.84
mucor,0,0.045,0.03,0.08
mucro,0,0.07,0.09,0.11
mucus,1,0.833,2.27,0.91
mudar,0,0.113,0.35,0.11
mudde,0,0.13,0.3,0.16
muddy,1,0.958,2.84,0.97
mudee,0,0.112,0.22,0.15
mudir,0,0.063,0.11,0.09
mudra,0,0.228,0.83,0.18
muffy,0,0.628,1.61,0.72
mufti,0,0.275,0.9,0.25
mufty,0,0.283,0.86,0.28
muggy,0,0.87,2.4,0.94
muist,0,0.157,0.4,0.18
mukti,0,0.065,0.09,0.1
mulch,1,0.668,1.76,0.75
mulct,0,0.222,0.73,0.2
muley,0,0.495,1.29,0.56
mulga,0,0.08,0.15,0.11
mulla,0,0.328,0.98,0.33
mulse,0,0.082,0.13,0.12
mummy,1,0.825,2.04,0.97
mumps,0,0.773,1.88,0.92
munch,1,0.857,2.35,0.93
munga,0,0.147,0.34,0.18
munge,0,0.36,1.11,0.35
mungo,0,0.335,0.99,0.34
mungy,0,0.273,0.68,0.32
mural,1,0.738,1.85,0.86
murex,0,0.163,0.41,0.19
murga,0,0.092,0.16,0.13
murid,0,0.08,0.18,0.1
murky,1,0.7,1.83,0.79
murly,0,0.137,0.22,0.2
murra,0,0.13,0.27,0.17
murre,0,0.198,0.53,0.22
murva,0,0.05,0.06,0.08
murza,0,0.082,0.13,0.12
musal,0,0.145,0.3,0.19
musar,0,0.078,0.14,0.11
mused,0,0.69,1.74,0.8
muser,0,0.205,0.57,0.22
musha,0,0.118,0.26,0.15
mushy,1,0.858,2.3,0.95
music,1,0.995,3.0,0.99
musie,0,0.152,0.34,0.19
musky,1,0.437,1.15,0.49
mussy,0,0.497,1.33,0.55
musty,1,0.745,1.89,0.86
mutch,0,0.212,0.4,0.29
mutic,0,0.085,0.12,0.13
muzzy,0,0.487,1.39,0.51
myall,0,0.112,0.19,0.16
myoid,0,0.052,0.04,0.09
myoma,0,0.117,0.25,0.15
myope,0,0.347,0.97,0.37
myops,0,0.043,0.05,0.07
myopy,0,0.335,0.96,0.35
myron,0,0.337,0.85,0.39
myrrh,1,0.323,1.01,0.31
mysel,0,0.137,0.31,0.17
mysid,0,0.043,0.02,0.08
nabak,0,0.082,0.16,0.11
nabla,0,0.09,0.09,0.15
nable,0,0.502,1.39,0.54
nabob,0,0.31,0.9,0.32
nacre,0,0.255,0.78,0.25
nacry,0,0.078,0.11,0.12
nadir,1,0.343,1.04,0.34
naggy,0,0.775,2.1,0.85
naght,0,0.165,0.24,0.25
nagor,0,0.075,0.15,0.1
naiad,0,0.288,0.89,0.28
naily,0,0.113,0.26,0.14
nairy,0,0.192,0.37,0.26
naish,0,0.092,0.22,0.11
naive,1,0.825,2.1,0.95
naked,0,0.948,2.72,0.99
naker,0,0.158,0.26,0.23
nakoo,0,0.068,0.17,0.08
namaz,0,0.247,0.79,0.23
namda,0,0.075,0.15,0.1
namer,0,0.565,1.5,0.63
nancy,0,0.865,2.28,0.97
nandi,0,0.198,0.71,0.16
nandu,0,0.145,0.42,0.15
nanes,0,0.203,0.5,0.24
nanga,0,0.117,0.28,0.14
nanny,1,0.865,2.28,0.97
napal,0,0.438,1.04,0.53
napoo,0,0.185,0.45,0.22
nappe,0,0.24,0.6,0.28
nappy,0,0.803,2.21,0.87
nares,0,0.155,0.33,0.2
naric,0,0.067,0.07,0.11
narky,0,0.325,0.81,0.38
narra,0,0.097,0.19,0.13
nasab,0,0.303,0.8,0.34
nasal,1,0.803,2.06,0.92
nasch,0,0.098,0.17,0.14
nasty,1,0.973,2.9,0.98
nasus,0,0.098,0.17,0.14
natal,1,0.535,1.41,0.6
natch,0,0.525,1.29,0.62
nates,0,0.337,0.94,0.36
nathe,0,0.112,0.22,0.15
natty,0,0.565,1.5,0.63
naumk,0,0.047,0.04,0.08
naunt,0,0.117,0.13,0.19
naval,1,0.82,2.1,0.94
navar,0,0.187,0.49,0.21
navel,1,0.865,2.28,0.97
navet,0,0.173,0.5,0.18
navew,0,0.222,0.49,0.28
navvy,0,0.715,1.83,0.82
nawab,0,0.385,1.11,0.4
nazim,0,0.108,0.2,0.15
nazir,0,0.11,0.24,0.14
neath,0,0.393,0.89,0.49
nebby,0,0.365,0.87,0.44
nebel,0,0.187,0.43,0.23
neddy,0,0.41,1.02,0.48
needs,0,0.98,2.94,0.98
needy,1,0.895,2.49,0.96
neeld,0,0.16,0.33,0.21
neele,0,0.175,0.33,0.24
neese,0,0.26,0.48,0.36
neeze,0,0.573,1.37,0.69
neffy,0,0.222,0.52,0.27
neger,0,0.345,1.08,0.33
negro,0,0.803,1.97,0.95
negus,0,0.208,0.62,0.21
neigh,1,0.802,2.02,0.93
neist,0,0.115,0.21,0.16
nenta,0,0.078,0.14,0.11
neoza,0,0.055,0.06,0.09
neper,0,0.092,0.13,0.14
nerdy,1,0.847,2.26,0.94
nerve,1,0.983,2.96,0.98
nervy,0,0.8,2.13,0.89
nesty,0,0.232,0.52,0.29
neter,0,0.202,0.4,0.27
netop,0,0.077,0.1,0.12
netty,0,0.515,1.41,0.56
neuma,0,0.052,0.04,0.09
neume,0,0.057,0.04,0.1
nevel,0,0.268,0.65,0.32
never,1,0.995,3.0,0.99
nevoy,0,0.128,0.29,0.16
nevus,0,0.21,0.63,0.21
newel,0,0.308,0.92,0.31
newer,1,0.93,2.7,0.96
newly,1,0.918,2.63,0.96
newsy,0,0.428,1.22,0.45
nexal,0,0.065,0.09,0.1
nexum,0,0.057,0.07,0.09
nexus,0,0.58,1.56,0.64
ngaio,0,0.082,0.13,0.12
ngapi,0,0.042,0.04,0.07
niata,0,0.067,0.13,0.09
nibby,0,0.428,1.22,0.45
nicer,1,0.912,2.59,0.96
niche,1,0.718,1.88,0.81
nicky,0,0.817,2.14,0.92
nidal,0,0.113,0.2,0.16
nidge,0,0.233,0.5,0.3
nidor,0,0.18,0.39,0.23
nidus,0,0.138,0.38,0.15
niece,1,0.907,2.5,0.98
niepa,0,0.042,0.04,0.07
nieve,0,0.2,0.42,0.26
nific,0,0.078,0.14,0.11
nifle,0,0.12,0.21,0.17
nifty,0,0.713,1.88,0.8
night,1,0.995,3.0,0.99
nigre,0,0.127,0.16,0.2
nigua,0,0.075,0.12,0.11
nikau,0,0.052,0.07,0.08
nimbi,0,0.168,0.35,0.22
ninja,1,0.828,2.09,0.96
ninny,1,0.573,1.31,0.71
ninon,0,0.19,0.42,0.24
ninth,1,0.868,2.33,0.96
nintu,0,0.038,0.02,0.07
ninut,0,0.073,0.14,0.1
niota,0,0.142,0.31,0.18
nippy,0,0.647,1.69,0.73
nisei,0,0.132,0.49,0.1
nisse,0,0.16,0.36,0.2
nisus,0,0.175,0.45,0.2
nitch,0,0.573,1.34,0.7
niter,0,0.19,0.3,0.28
nitid,0,0.135,0.36,0.15
niton,0,0.258,0.59,0.32
nitro,0,0.757,1.96,0.86
nitty,0,0.665,1.68,0.77
nival,0,0.17,0.39,0.21
nixie,0,0.235,0.54,0.29
nizam,0,0.292,0.85,0.3
njave,0,0.068,0.14,0.09
nobby,0,0.562,1.39,0.66
noble,1,0.845,2.16,0.97
nobly,1,0.76,1.89,0.89
nodal,0,0.327,0.88,0.36
noddy,0,0.66,1.62,0.78
noded,0,0.397,0.94,0.48
nodus,0,0.132,0.25,0.18
nogal,0,0.102,0.19,0.14
nohow,0,0.353,0.77,0.45
noily,0,0.093,0.17,0.13
noint,0,0.078,0.11,0.12
noise,1,0.99,3.0,0.98
noisy,1,0.987,2.98,0.98
nokta,0,0.085,0.15,0.12
nolle,0,0.18,0.42,0.22
nomad,1,0.742,1.9,0.85
nomic,0,0.108,0.2,0.15
nomos,0,0.097,0.16,0.14
nonce,0,0.37,0.87,0.45
nonda,0,0.195,0.54,0.21
nondo,0,0.122,0.28,0.15
nones,0,0.562,1.51,0.62
nonet,0,0.302,0.88,0.31
nonic,0,0.127,0.28,0.16
nonly,0,0.08,0.12,0.12
nonya,0,0.128,0.23,0.18
nonyl,0,0.128,0.23,0.18
nooky,0,0.525,1.32,0.61
noose,1,0.725,1.74,0.87
nopal,0,0.17,0.6,0.14
noria,0,0.327,1.0,0.32
norie,0,0.357,1.12,0.34
norma,0,0.717,2.14,0.72
north,1,0.993,2.99,0.99
nosed,0,0.86,2.34,0.94
noser,0,0.213,0.5,0.26
nosey,1,0.807,2.08,0.92
notal,0,0.34,0.69,0.45
notan,0,0.117,0.19,0.17
notch,1,0.825,2.16,0.93
noted,0,0.957,2.8,0.98
noter,0,0.562,1.39,0.66
notum,0,0.067,0.1,0.1
novel,1,0.873,2.3,0.98
novem,0,0.178,0.35,0.24
noway,0,0.67,1.77,0.75
nowed,0,0.173,0.32,0.24
nowel,0,0.307,0.67,0.39
noxal,0,0.197,0.61,0.19
noyau,0,0.128,0.26,0.17
nubby,0,0.512,1.39,0.56
nubia,0,0.422,1.09,0.48
nucal,0,0.152,0.34,0.19
nucha,0,0.093,0.14,0.14
nucin,0,0.063,0.08,0.1
nudge,1,0.865,2.34,0.95
nullo,0,0.117,0.22,0.16
numda,0,0.052,0.07,0.08
numen,0,0.142,0.34,0.17
nummi,0,0.095,0.18,0.13
numud,0,0.045,0.06,0.07
nunch,0,0.297,0.79,0.33
nunky,0,0.353,0.8,0.44
nunni,0,0.172,0.43,0.2
nuque,0,0.097,0.22,0.12
nurly,0,0.058,0.05,0.1
nurse,1,0.972,2.89,0.98
nursy,0,0.52,1.14,0.66
nutty,1,0.918,2.6,0.97
nylon,1,0.837,2.2,0.94
nymil,0,0.062,0.1,0.09
nymph,1,0.582,1.36,0.71
nyxis,0,0.068,0.08,0.11
oadal,0,0.128,0.23,0.18
oaken,1,0.458,1.04,0.57
oakum,0,0.103,0.2,0.14
oared,0,0.237,0.52,0.3
oaric,0,0.075,0.12,0.11
oasal,0,0.05,0.06,0.08
oases,0,0.652,1.57,0.78
oasis,0,0.802,1.99,0.94
oaten,0,0.57,1.44,0.66
obeah,0,0.118,0.35,0.12
obese,1,0.853,2.24,0.96
obley,0,0.16,0.33,0.21
obole,0,0.067,0.1,0.1
occur,1,0.865,2.34,0.95
ocean,1,0.98,2.91,0.99
ocher,0,0.445,1.11,0.52
ochro,0,0.207,0.4,0.28
ocote,0,0.072,0.16,0.09
ocque,0,0.09,0.15,0.13
ocrea,0,0.102,0.19,0.14
octad,0,0.183,0.41,0.23
octal,1,0.408,0.98,0.49
octan,0,0.19,0.39,0.25
octet,1,0.453,1.07,0.55
octic,0,0.18,0.39,0.23
octyl,0,0.225,0.54,0.27
ocuby,0,0.103,0.2,0.14
odder,1,0.882,2.44,0.95
oddly,1,0.782,2.08,0.87
odeon,0,0.41,1.11,0.45
odeum,0,0.232,0.67,0.24
odist,0,0.115,0.24,0.15
odium,0,0.395,1.08,0.43
odoom,0,0.475,1.17,0.56
oecus,0,0.053,0.05,0.09
oenin,0,0.068,0.08,0.11
offal,1,0.452,1.24,0.49
offer,1,0.988,2.99,0.98
often,1,0.983,2.96,0.98
ofter,0,0.78,1.92,0.92
oftly,0,0.22,0.39,0.31
ogeed,0,0.103,0.17,0.15
ogham,0,0.1,0.15,0.15
ogive,0,0.217,0.58,0.24
ogler,0,0.425,1.17,0.46
ogmic,0,0.065,0.09,0.1
ohelo,0,0.093,0.17,0.13
ohmic,0,0.28,0.84,0.28
oiled,0,0.852,2.32,0.93
oiler,0,0.612,1.6,0.69
oisin,0,0.072,0.07,0.12
okapi,0,0.28,0.9,0.26
okrug,0,0.058,0.08,0.09
olden,1,0.677,1.57,0.83
older,1,0.968,2.87,0.98
oldie,0,0.783,2.0,0.9
oleic,0,0.163,0.44,0.18
olein,0,0.113,0.23,0.15
olena,0,0.143,0.29,0.19
olent,0,0.252,0.61,0.3
oliva,0,0.672,1.84,0.73
olive,1,0.895,2.46,0.97
ology,0,0.42,1.14,0.46
olona,0,0.07,0.12,0.1
omber,0,0.252,0.58,0.31
ombre,1,0.537,1.54,0.56
omega,1,0.73,1.8,0.86
omina,0,0.168,0.32,0.23
omlah,0,0.19,0.57,0.19
oncia,0,0.112,0.22,0.15
oncin,0,0.075,0.12,0.11
onery,0,0.125,0.24,0.17
onion,1,0.993,2.99,0.99
onium,0,0.167,0.22,0.26
onkos,0,0.06,0.06,0.1
onlay,0,0.352,0.94,0.39
onset,1,0.582,1.48,0.67
ontal,0,0.127,0.28,0.16
onymy,0,0.108,0.17,0.16
oolak,0,0.072,0.1,0.11
oolly,0,0.228,0.5,0.29
oopak,0,0.085,0.12,0.13
oopod,0,0.093,0.17,0.13
ootid,0,0.083,0.14,0.12
opera,1,0.807,1.99,0.95
ophic,0,0.087,0.13,0.13
opine,1,0.742,1.9,0.85
opium,1,0.658,1.58,0.79
optic,1,0.74,1.8,0.88
orach,0,0.103,0.14,0.16
orage,0,0.172,0.37,0.22
orang,0,0.335,0.87,0.38
orant,0,0.105,0.18,0.15
orary,0,0.167,0.28,0.24
orate,0,0.547,1.33,0.65
orbed,0,0.368,1.01,0.4
orbic,0,0.113,0.2,0.16
orbit,1,0.822,2.08,0.95
orcin,0,0.063,0.08,0.1
order,1,0.995,3.0,0.99
oread,0,0.117,0.25,0.15
organ,1,0.93,2.67,0.97
orgia,0,0.39,0.87,0.49
orgic,0,0.202,0.43,0.26
orgue,0,0.255,0.63,0.3
oribi,0,0.095,0.24,0.11
oriel,0,0.282,0.85,0.28
orlet,0,0.122,0.19,0.18
orlop,0,0.088,0.11,0.14
ormer,0,0.19,0.42,0.24
ornis,0,0.102,0.13,0.16
orris,0,0.153,0.32,0.2
orsel,0,0.075,0.09,0.12
ortet,0,0.092,0.13,0.14
ortho,0,0.347,0.82,0.42
oscin,0,0.053,0.05,0.09
osela,0,0.075,0.12,0.11
oshac,0,0.077,0.1,0.12
oside,0,0.173,0.47,0.19
osier,0,0.143,0.35,0.17
osmic,0,0.567,1.54,0.62
osmin,0,0.143,0.32,0.18
osone,0,0.187,0.46,0.22
ossal,0,0.077,0.1,0.12
otary,0,0.147,0.22,0.22
otate,0,0.125,0.27,0.16
other,1,0.985,2.97,0.98
otkon,0,0.05,0.06,0.08
ottar,0,0.1,0.18,0.14
otter,1,0.818,2.0,0.97
ouabe,0,0.053,0.11,0.07
ought,1,0.9,2.49,0.97
oukia,0,0.14,0.36,0.16
oulap,0,0.077,0.16,0.1
ounce,1,0.87,2.34,0.96
ounds,0,0.522,1.6,0.51
ouphe,0,0.117,0.22,0.16
ourie,0,0.122,0.25,0.16
outby,0,0.197,0.43,0.25
outdo,1,0.617,1.69,0.67
outed,0,0.78,2.01,0.89
outen,0,0.42,1.2,0.44
outer,1,0.953,2.81,0.97
outgo,1,0.75,1.86,0.88
outly,0,0.19,0.39,0.25
outre,0,0.455,1.11,0.54
ouzel,0,0.112,0.22,0.15
ovant,0,0.155,0.36,0.19
ovary,1,0.727,1.78,0.86
ovate,1,0.365,0.99,0.4
overt,1,0.788,2.03,0.9
ovest,0,0.38,0.84,0.48
ovile,0,0.08,0.15,0.11
ovine,1,0.178,0.56,0.17
ovism,0,0.047,0.04,0.08
ovist,0,0.068,0.08,0.11
ovoid,1,0.252,0.7,0.27
ovolo,0,0.087,0.1,0.14
ovule,0,0.353,1.01,0.37
owght,0,0.645,1.47,0.8
owing,1,0.918,2.66,0.95
owler,0,0.777,1.84,0.94
owlet,0,0.562,1.3,0.69
owner,1,0.972,2.89,0.98
owsen,0,0.142,0.28,0.19
owser,0,0.217,0.58,0.24
oxane,0,0.075,0.06,0.13
oxbow,0,0.477,1.24,0.54
oxboy,0,0.352,0.82,0.43
oxeye,0,0.363,0.83,0.45
oxfly,0,0.212,0.4,0.29
oxide,1,0.673,1.58,0.82
oxime,0,0.093,0.14,0.14
oxlip,0,0.12,0.21,0.17
oxman,0,0.293,0.68,0.36
oxter,0,0.158,0.26,0.23
ozena,0,0.057,0.07,0.09
ozone,1,0.762,1.9,0.89
paauw,0,0.043,0.05,0.07
pablo,0,0.692,1.66,0.83
pacay,0,0.077,0.13,0.11
paced,0,0.828,2.24,0.91
pacer,0,0.708,1.88,0.79
paddy,1,0.767,1.9,0.9
padge,0,0.198,0.41,0.26
padle,0,0.817,2.11,0.93
padre,0,0.537,1.57,0.55
paean,0,0.172,0.49,0.18
paeon,0,0.132,0.28,0.17
pagan,1,0.757,1.84,0.9
pager,0,0.67,1.59,0.81
pagus,0,0.077,0.1,0.12
pahmi,0,0.047,0.07,0.07
paint,1,0.995,3.0,0.99
paisa,0,0.29,0.75,0.33
palar,0,0.18,0.48,0.2
palas,0,0.19,0.45,0.23
palay,0,0.105,0.18,0.15
palch,0,0.07,0.12,0.1
palea,0,0.075,0.09,0.12
paled,0,0.837,2.2,0.94
paler,1,0.915,2.64,0.95
palet,0,0.27,0.6,0.34
palla,0,0.147,0.31,0.19
palli,0,0.17,0.39,0.21
pally,0,0.748,1.91,0.86
palma,0,0.547,1.39,0.63
palmo,0,0.388,0.92,0.47
palmy,0,0.453,1.07,0.55
palpi,0,0.125,0.21,0.18
palsy,1,0.505,1.17,0.62
palus,0,0.138,0.26,0.19
panax,0,0.16,0.36,0.2
panda,0,0.89,2.4,0.98
pandy,0,0.287,0.7,0.34
paned,0,0.403,1.04,0.46
panel,1,0.943,2.75,0.97
pangi,0,0.09,0.18,0.12
panic,1,0.958,2.81,0.98
panne,0,0.182,0.4,0.23
panse,0,0.15,0.3,0.2
pansy,1,0.773,1.94,0.9
panto,0,0.532,1.45,0.58
pants,0,0.995,3.0,0.99
panty,0,0.943,2.75,0.97
paolo,0,0.48,1.11,0.59
papal,1,0.708,1.73,0.84
papaw,0,0.502,1.24,0.59
paper,1,0.995,3.0,0.99
papey,0,0.108,0.2,0.15
pappi,0,0.257,0.64,0.3
pappy,0,0.768,1.88,0.91
papyr,0,0.335,0.72,0.43
parah,0,0.108,0.23,0.14
param,0,0.462,1.18,0.53
parao,0,0.24,0.69,0.25
parch,0,0.653,1.64,0.76
pardo,0,0.18,0.45,0.21
parel,0,0.107,0.25,0.13
paren,0,0.43,1.05,0.51
parer,1,0.517,1.45,0.55
parge,0,0.137,0.25,0.19
pargo,0,0.125,0.3,0.15
parka,1,0.74,1.95,0.83
parky,0,0.425,1.17,0.46
parle,0,0.277,0.73,0.31
parly,0,0.405,0.9,0.51
parma,0,0.485,1.29,0.54
parol,0,0.292,0.88,0.29
parry,1,0.683,1.67,0.81
parse,1,0.577,1.36,0.7
parto,0,0.208,0.53,0.24
party,1,0.993,2.99,0.99
pasan,0,0.122,0.25,0.16
pasha,0,0.397,1.09,0.43
pashm,0,0.125,0.39,0.12
pasmo,0,0.042,0.04,0.07
passe,0,0.423,1.25,0.43
passo,0,0.278,0.8,0.29
pasta,1,0.937,2.71,0.97
paste,1,0.987,2.98,0.98
pasty,1,0.748,1.85,0.88
pasul,0,0.093,0.17,0.13
patao,0,0.108,0.2,0.15
patas,0,0.245,0.51,0.32
patch,1,0.903,2.54,0.96
patel,0,0.538,1.4,0.61
paten,0,0.237,0.58,0.28
pater,0,0.248,0.56,0.31
pathy,0,0.322,0.73,0.4
patio,1,0.84,2.22,0.94
patly,0,0.13,0.24,0.18
patsy,1,0.663,1.7,0.76
patta,0,0.16,0.39,0.19
patte,0,0.275,0.99,0.22
pattu,0,0.103,0.26,0.12
patty,1,0.913,2.6,0.96
pause,1,0.98,2.94,0.98
pauxi,0,0.058,0.11,0.08
pavan,0,0.215,0.63,0.22
paver,0,0.637,1.72,0.7
pavid,0,0.115,0.24,0.15
pavis,0,0.11,0.18,0.16
pawer,0,0.512,1.24,0.61
pawky,0,0.378,1.07,0.4
payed,0,0.505,1.08,0.65
payee,1,0.583,1.61,0.63
payer,1,0.767,1.96,0.88
payor,0,0.328,0.86,0.37
peace,1,0.988,2.96,0.99
peach,1,0.93,2.64,0.98
peage,0,0.128,0.23,0.18
peaky,0,0.68,1.74,0.78
pearl,1,0.872,2.32,0.97
peart,0,0.548,1.13,0.72
peasy,0,0.305,0.66,0.39
peaty,0,0.545,1.38,0.63
peavy,0,0.172,0.34,0.23
pecan,1,0.717,1.78,0.84
pecht,0,0.1,0.24,0.12
pecky,0,0.652,1.63,0.76
pedal,1,0.867,2.32,0.96
pedee,0,0.112,0.19,0.16
pedes,0,0.155,0.3,0.21
pedro,0,0.652,1.57,0.78
pedum,0,0.045,0.03,0.08
peele,0,0.613,1.52,0.72
peeoy,0,0.072,0.16,0.09
peepy,0,0.66,1.65,0.77
peery,0,0.17,0.33,0.23
peeve,0,0.67,1.71,0.77
peggy,0,0.822,2.08,0.95
peine,0,0.135,0.27,0.18
peise,0,0.148,0.23,0.22
pekan,0,0.192,0.7,0.15
pekin,0,0.63,1.44,0.78
pekoe,0,0.228,0.62,0.25
pelon,0,0.198,0.5,0.23
pelta,0,0.118,0.23,0.16
penal,1,0.693,1.7,0.82
pence,1,0.887,2.44,0.96
penda,0,0.265,0.75,0.28
pengo,0,0.2,0.45,0.25
penis,0,0.842,2.14,0.97
penna,0,0.357,0.97,0.39
penne,1,0.732,1.96,0.81
penni,0,0.29,0.66,0.36
penny,1,0.975,2.91,0.98
pensy,0,0.322,0.76,0.39
penta,0,0.387,1.03,0.43
peony,0,0.575,1.41,0.68
peppy,0,0.757,1.9,0.88
perch,1,0.745,1.86,0.87
perdu,0,0.162,0.37,0.2
peres,0,0.237,0.55,0.29
peril,1,0.668,1.55,0.82
perit,0,0.2,0.39,0.27
perky,1,0.74,1.92,0.84
perle,0,0.48,0.96,0.64
perry,0,0.703,1.73,0.83
perse,0,0.222,0.52,0.27
perty,0,0.173,0.41,0.21
pesky,1,0.797,2.02,0.92
peste,0,0.285,0.75,0.32
pesto,1,0.758,1.94,0.87
petal,1,0.853,2.24,0.96
peter,0,0.923,2.6,0.98
petit,0,0.368,0.98,0.41
petre,0,0.31,0.69,0.39
petty,1,0.822,2.11,0.94
peuhl,0,0.067,0.07,0.11
pewee,0,0.275,0.69,0.32
pewit,0,0.243,0.59,0.29
pfund,0,0.412,1.0,0.49
phage,0,0.162,0.4,0.19
phano,0,0.088,0.14,0.13
phare,0,0.248,0.77,0.24
phase,1,0.857,2.29,0.95
phasm,0,0.168,0.44,0.19
pheal,0,0.1,0.15,0.15
phene,0,0.158,0.23,0.24
pheon,0,0.168,0.26,0.25
phial,0,0.238,0.53,0.3
phoby,0,0.302,0.7,0.37
phoca,0,0.085,0.12,0.13
phone,1,0.988,2.99,0.98
phono,0,0.378,0.98,0.43
phony,1,0.857,2.26,0.96
phose,0,0.145,0.3,0.19
photo,1,0.97,2.88,0.98
phyla,0,0.272,0.76,0.29
phyle,0,0.105,0.15,0.16
phyma,0,0.058,0.08,0.09
piaba,0,0.048,0.05,0.08
piano,1,0.92,2.58,0.98
pical,0,0.182,0.46,0.21
pichi,0,0.14,0.36,0.16
picky,1,0.917,2.62,0.96
picot,0,0.148,0.29,0.2
picra,0,0.063,0.11,0.09
picul,0,0.06,0.06,0.1
pidan,0,0.11,0.27,0.13
piece,1,0.995,3.0,0.99
piend,0,0.108,0.2,0.15
piety,1,0.6,1.44,0.72
piezo,0,0.213,0.56,0.24
piggy,1,0.903,2.51,0.97
pigly,0,0.278,0.59,0.36
piked,0,0.7,1.86,0.78
pikel,0,0.23,0.6,0.26
piker,0,0.582,1.51,0.66
pikey,0,0.317,0.85,0.35
pikle,0,0.928,2.66,0.97
pilar,0,0.668,1.7,0.77
pilau,0,0.322,1.06,0.29
pilch,0,0.218,0.56,0.25
piled,0,0.897,2.53,0.95
piler,0,0.518,1.16,0.65
piles,0,0.812,2.05,0.94
pilin,0,0.107,0.22,0.14
pilmy,0,0.053,0.08,0.08
pilon,0,0.192,0.49,0.22
pilot,1,0.9,2.46,0.98
pilum,0,0.102,0.19,0.14
pilus,0,0.168,0.32,0.23
pinax,0,0.055,0.06,0.09
pinch,1,0.95,2.79,0.97
pinda,0,0.087,0.16,0.12
pindy,0,0.155,0.3,0.21
pined,0,0.752,1.93,0.86
piner,0,0.29,0.66,0.36
piney,1,0.538,1.16,0.69
pinic,0,0.195,0.45,0.24
pinky,1,0.878,2.39,0.96
pinna,0,0.2,0.48,0.24
pinny,0,0.3,0.84,0.32
pinon,0,0.318,0.92,0.33
pinta,0,0.43,1.29,0.43
pinte,0,0.233,0.65,0.25
pinto,1,0.602,1.69,0.64
pinyl,0,0.073,0.11,0.11
pious,0,0.415,1.14,0.45
pipal,0,0.162,0.37,0.2
piped,0,0.768,2.0,0.87
piper,1,0.79,2.04,0.9
pipet,0,0.68,1.53,0.85
pipit,0,0.225,0.63,0.24
pippy,0,0.398,1.07,0.44
pique,1,0.44,1.26,0.46
pirny,0,0.077,0.1,0.12
pirol,0,0.098,0.17,0.14
pisay,0,0.092,0.19,0.12
pisco,0,0.273,0.83,0.27
pishu,0,0.083,0.2,0.1
pisky,0,0.27,0.69,0.31
pitau,0,0.062,0.13,0.08
pitch,1,0.925,2.64,0.97
pithy,1,0.475,1.26,0.53
piuri,0,0.058,0.08,0.09
pivot,1,0.812,2.11,0.92
pixel,1,0.89,2.46,0.96
pixie,1,0.755,1.86,0.89
pizza,1,0.987,2.95,0.99
place,1,0.995,3.0,0.99
plack,0,0.252,0.55,0.32
plaga,0,0.163,0.44,0.18
plage,0,0.212,0.52,0.25
plaid,1,0.808,2.0,0.95
plain,1,0.977,2.92,0.98
plait,1,0.645,1.68,0.73
plane,1,0.978,2.93,0.98
plang,0,0.212,0.49,0.26
plank,1,0.875,2.37,0.96
plant,1,0.995,3.0,0.99
plash,0,0.532,1.45,0.58
plasm,0,0.228,0.41,0.32
plass,0,0.643,1.79,0.69
plate,1,0.995,3.0,0.99
platy,0,0.33,0.84,0.38
plaud,0,0.208,0.53,0.24
playa,0,0.508,1.43,0.54
plaza,1,0.773,2.03,0.87
plead,1,0.8,2.01,0.93
pleat,1,0.533,1.49,0.57
plebe,0,0.195,0.51,0.22
plebs,0,0.39,1.05,0.43
pleck,0,0.145,0.33,0.18
pleny,0,0.118,0.2,0.17
pleon,0,0.113,0.23,0.15
plica,0,0.137,0.34,0.16
plied,1,0.675,1.71,0.78
plier,1,0.788,2.0,0.91
plies,0,0.857,2.44,0.9
ploat,0,0.19,0.45,0.23
ploce,0,0.072,0.1,0.11
plock,0,0.117,0.28,0.14
plomb,0,0.232,0.67,0.24
plook,0,0.127,0.28,0.16
plote,0,0.493,1.19,0.59
plouk,0,0.08,0.12,0.12
plout,0,0.3,0.72,0.36
pluck,1,0.823,2.09,0.95
pluff,0,0.317,0.88,0.34
pluma,0,0.283,0.8,0.3
plumb,1,0.777,1.96,0.9
plume,1,0.717,1.69,0.87
plump,1,0.812,2.05,0.94
plumy,0,0.582,1.39,0.7
plunk,1,0.647,1.6,0.76
plush,1,0.815,2.1,0.93
plyer,0,0.607,1.48,0.72
poach,0,0.783,2.0,0.9
pobby,0,0.755,1.77,0.92
poche,0,0.328,0.8,0.39
pocky,0,0.317,0.97,0.31
podal,0,0.14,0.27,0.19
poddy,0,0.812,2.05,0.94
podex,0,0.197,0.52,0.22
podge,0,0.435,1.35,0.42
podgy,0,0.502,1.36,0.55
poesy,1,0.697,1.54,0.88
pogge,0,0.167,0.43,0.19
poggy,0,0.243,0.59,0.29
pohna,0,0.075,0.15,0.1
poilu,0,0.05,0.06,0.08
poind,0,0.265,0.57,0.34
point,1,0.988,2.99,0.98
poise,1,0.668,1.67,0.78
poked,0,0.937,2.71,0.97
poker,1,0.87,2.28,0.98
pokey,0,0.442,1.06,0.53
polar,1,0.838,2.15,0.96
poler,0,0.287,0.64,0.36
poley,0,0.377,0.97,0.43
polio,0,0.69,1.68,0.82
polis,0,0.422,1.09,0.48
polka,1,0.687,1.66,0.82
polos,0,0.618,1.7,0.67
polyp,1,0.53,1.41,0.59
pombe,0,0.093,0.17,0.13
pombo,0,0.108,0.23,0.14
pomey,0,0.095,0.15,0.14
pomme,0,0.372,0.91,0.44
pommy,0,0.373,0.92,0.44
pompa,0,0.25,0.72,0.26
ponce,0,0.303,0.8,0.34
pondy,0,0.265,0.69,0.3
poney,0,0.658,1.55,0.8
ponga,0,0.252,0.85,0.22
ponja,0,0.073,0.14,0.1
ponto,0,0.158,0.32,0.21
pooch,1,0.8,1.98,0.94
pooka,0,0.133,0.26,0.18
pooli,0,0.21,0.54,0.24
pooly,0,0.262,0.52,0.35
popal,0,0.11,0.21,0.15
poppa,0,0.743,1.91,0.85
poppy,1,0.84,2.13,0.97
poral,0,0.132,0.25,0.18
porch,1,0.93,2.67,0.97
pored,0,0.772,2.17,0.82
porer,0,0.285,0.57,0.38
porge,0,0.57,1.44,0.66
porgy,0,0.4,1.11,0.43
porky,0,0.702,1.72,0.83
poros,0,0.233,0.62,0.26
porry,0,0.17,0.33,0.23
porta,0,0.29,0.72,0.34
porto,0,0.562,1.42,0.65
porty,0,0.208,0.44,0.27
porus,0,0.417,1.27,0.41
posca,0,0.148,0.35,0.18
poser,1,0.812,2.08,0.93
posey,0,0.427,1.09,0.49
posit,1,0.492,1.24,0.57
posse,1,0.69,1.65,0.83
potch,0,0.172,0.4,0.21
poter,0,0.413,0.92,0.52
potoo,0,0.108,0.26,0.13
potto,0,0.277,0.67,0.33
potty,0,0.838,2.12,0.97
pouce,0,0.28,0.66,0.34
pouch,1,0.87,2.37,0.95
poulp,0,0.15,0.24,0.22
poult,0,0.472,1.18,0.55
pound,1,0.975,2.91,0.98
pouty,1,0.732,1.84,0.85
power,1,0.995,3.0,0.99
poyou,0,0.048,0.08,0.07
praam,0,0.135,0.33,0.16
prana,0,0.25,0.81,0.23
prank,1,0.897,2.47,0.97
prase,0,0.275,0.63,0.34
prate,0,0.46,1.23,0.51
prawn,1,0.787,2.02,0.9
praya,0,0.157,0.31,0.21
preen,1,0.65,1.71,0.73
press,1,0.993,2.99,0.99
prest,0,0.357,0.79,0.45
prexy,0,0.375,0.99,0.42
price,1,0.995,3.0,0.99
prich,0,0.115,0.21,0.16
prick,1,0.84,2.22,0.94
pride,1,0.973,2.87,0.99
pridy,0,0.112,0.19,0.16
pried,1,0.64,1.71,0.71
prier,0,0.335,0.99,0.34
prill,0,0.135,0.24,0.19
prima,0,0.43,1.2,0.46
prime,1,0.942,2.74,0.97
primo,1,0.373,0.95,0.43
primp,0,0.505,1.35,0.56
primy,0,0.195,0.42,0.25
prine,0,0.243,0.53,0.31
prink,0,0.168,0.32,0.23
print,1,0.988,2.96,0.99
prion,0,0.328,1.01,0.32
prior,1,0.843,2.21,0.95
prism,1,0.748,1.82,0.89
priss,0,0.528,1.34,0.61
prius,0,0.7,1.86,0.78
privy,1,0.512,1.24,0.61
prize,1,0.952,2.77,0.98
proal,0,0.088,0.17,0.12
probe,1,0.813,2.09,0.93
proem,0,0.125,0.33,0.14
proke,0,0.138,0.26,0.19
prone,1,0.758,1.91,0.88
prong,1,0.772,1.99,0.88
proof,1,0.972,2.89,0.98
props,0,0.877,2.47,0.93
prore,0,0.152,0.37,0.18
prose,1,0.788,1.97,0.92
proso,0,0.175,0.39,0.22
pross,0,0.177,0.37,0.23
prosy,0,0.14,0.27,0.19
prote,0,0.235,0.6,0.27
proto,0,0.29,0.72,0.34
proud,1,0.98,2.94,0.98
prove,1,0.968,2.87,0.98
prowl,1,0.735,1.86,0.85
proxy,1,0.693,1.85,0.77
prude,1,0.718,1.79,0.84
prune,1,0.797,1.99,0.93
prunt,0,0.11,0.24,0.14
pryer,0,0.332,0.79,0.4
pryse,0,0.205,0.51,0.24
psalm,1,0.618,1.43,0.76
pshaw,0,0.502,1.3,0.57
psoas,0,0.055,0.06,0.09
psora,0,0.07,0.06,0.12
psych,0,0.71,1.83,0.81
pubal,0,0.105,0.18,0.15
pubes,0,0.793,1.97,0.93
pubic,1,0.775,1.92,0.91
pubis,0,0.235,0.66,0.25
pucka,0,0.167,0.43,0.19
puddy,0,0.807,2.05,0.93
pudge,0,0.688,1.7,0.81
pudgy,1,0.688,1.79,0.78
pudic,0,0.108,0.2,0.15
pudsy,0,0.238,0.53,0.3
puffy,1,0.862,2.32,0.95
puggi,0,0.205,0.54,0.23
puggy,0,0.782,1.96,0.91
pugil,0,0.133,0.29,0.17
puist,0,0.095,0.27,0.1
puker,0,0.612,1.51,0.72
pukka,0,0.398,1.19,0.4
puler,0,0.185,0.36,0.25
pulka,0,0.105,0.21,0.14
pulli,0,0.198,0.44,0.25
pulpy,1,0.737,1.93,0.83
pulse,1,0.948,2.75,0.98
punch,1,0.968,2.87,0.98
punct,0,0.298,0.71,0.36
punga,0,0.173,0.47,0.19
pungi,0,0.128,0.29,0.16
punky,0,0.625,1.59,0.72
punta,0,0.315,0.75,0.38
punti,0,0.177,0.4,0.22
punto,0,0.29,0.66,0.36
punty,0,0.193,0.41,0.25
pupal,0,0.217,0.55,0.25
pupil,1,0.87,2.34,0.96
puppy,1,0.972,2.89,0.98
purdy,0,0.338,0.77,0.42
pured,0,0.638,1.76,0.69
puree,1,0.732,1.9,0.83
purer,1,0.872,2.41,0.94
purga,0,0.18,0.39,0.23
purge,1,0.802,2.02,0.93
purre,0,0.273,0.47,0.39
purry,0,0.855,2.34,0.93
purse,1,0.975,2.91,0.98
pursy,0,0.608,1.49,0.72
pushy,1,0.847,2.26,0.94
pussy,0,0.847,2.2,0.96
putid,0,0.112,0.16,0.17
putty,1,0.772,1.9,0.91
pyche,0,0.083,0.11,0.13
pygal,0,0.065,0.09,0.1
pygmy,1,0.61,1.41,0.75
pylar,0,0.347,1.09,0.33
pylic,0,0.08,0.12,0.12
pylon,0,0.567,1.54,0.62
pyoid,0,0.073,0.11,0.11
pyral,0,0.13,0.24,0.18
pyran,0,0.133,0.29,0.17
pyrex,0,0.658,1.73,0.74
pyxie,0,0.498,1.22,0.59
pyxis,0,0.08,0.12,0.12
quack,1,0.877,2.35,0.97
quaff,0,0.398,1.07,0.44
quail,1,0.585,1.38,0.71
quake,1,0.863,2.27,0.97
quaky,0,0.437,1.09,0.51
quale,0,0.157,0.37,0.19
qualm,1,0.488,1.34,0.53
quant,0,0.465,1.29,0.5
quare,0,0.223,0.56,0.26
quark,1,0.427,1.12,0.48
quarl,0,0.145,0.24,0.21
quart,1,0.86,2.31,0.95
quash,1,0.545,1.35,0.64
quasi,1,0.493,1.28,0.56
quata,0,0.077,0.13,0.11
quauk,0,0.107,0.25,0.13
quave,0,0.107,0.28,0.12
quawk,0,0.282,0.67,0.34
qubba,0,0.08,0.15,0.11
queak,0,0.825,2.16,0.93
queal,0,0.127,0.22,0.18
quean,0,0.243,0.56,0.3
queen,1,0.952,2.74,0.99
queer,1,0.855,2.28,0.95
queet,0,0.125,0.21,0.18
quegh,0,0.048,0.02,0.09
quell,1,0.543,1.4,0.62
queme,0,0.07,0.12,0.1
querl,0,0.082,0.1,0.13
quern,0,0.078,0.11,0.12
query,1,0.77,1.92,0.9
quest,1,0.835,2.16,0.95
queue,1,0.877,2.47,0.93
quica,0,0.088,0.17,0.12
quick,1,0.995,3.0,0.99
quiet,1,0.988,2.99,0.98
quiff,0,0.457,1.27,0.49
quila,0,0.225,0.6,0.25
quill,1,0.63,1.32,0.82
quilt,1,0.818,2.06,0.95
quina,0,0.173,0.38,0.22
quink,0,0.183,0.44,0.22
quint,0,0.465,1.2,0.53
quipo,0,0.08,0.15,0.11
quipu,0,0.132,0.34,0.15
quira,0,0.08,0.15,0.11
quire,0,0.175,0.39,0.22
quirk,1,0.768,1.94,0.89
quirl,0,0.247,0.55,0.31
quirt,0,0.457,1.21,0.51
quite,1,0.985,2.97,0.98
quits,0,0.968,2.9,0.97
quoin,0,0.158,0.41,0.18
quoit,0,0.272,0.85,0.26
quota,1,0.775,2.01,0.88
quote,1,0.96,2.85,0.97
quoth,1,0.382,0.91,0.46
raash,0,0.133,0.41,0.13
rabat,0,0.333,0.92,0.36
rabbi,1,0.768,1.94,0.89
rabic,0,0.348,0.71,0.46
rabid,1,0.768,1.91,0.9
racer,1,0.898,2.51,0.96
rache,0,0.297,0.73,0.35
racon,0,0.073,0.11,0.11
radar,1,0.847,2.2,0.96
radii,1,0.52,1.26,0.62
radio,1,0.977,2.89,0.99
radix,0,0.212,0.55,0.24
radon,0,0.43,1.17,0.47
raffe,0,0.335,0.84,0.39
rafty,0,0.298,0.71,0.36
rager,0,0.803,2.18,0.88
raggy,0,0.74,1.92,0.84
rainy,1,0.995,3.0,0.99
raise,1,0.988,2.99,0.98
rajah,1,0.457,1.24,0.5
rakan,0,0.107,0.19,0.15
raker,0,0.787,2.11,0.87
rakit,0,0.105,0.21,0.14
rally,1,0.887,2.41,0.97
ralph,1,0.815,2.07,0.94
ramal,0,0.098,0.17,0.14
ramed,0,0.213,0.5,0.26
ramen,1,0.778,2.06,0.87
ramet,0,0.103,0.2,0.14
ramex,0,0.07,0.09,0.11
ramie,0,0.105,0.24,0.13
rammy,0,0.227,0.64,0.24
ramus,0,0.175,0.36,0.23
ranal,0,0.095,0.15,0.14
rance,0,0.323,0.77,0.39
ranch,1,0.897,2.47,0.97
randy,1,0.84,2.19,0.95
range,1,0.953,2.81,0.97
rangy,0,0.45,1.26,0.48
ranid,0,0.108,0.17,0.16
ranny,0,0.31,0.75,0.37
ranty,0,0.582,1.45,0.68
raper,0,0.797,1.99,0.93
raphe,0,0.12,0.18,0.18
rapic,0,0.168,0.32,0.23
rapid,1,0.908,2.54,0.97
rappe,0,0.167,0.34,0.22
rarer,1,0.765,1.89,0.9
rasen,0,0.157,0.43,0.17
raser,0,0.642,1.69,0.72
raspy,1,0.777,1.99,0.89
rasse,0,0.183,0.41,0.23
ratal,0,0.153,0.38,0.18
ratch,0,0.547,1.54,0.58
rated,0,0.947,2.77,0.97
ratel,0,0.187,0.55,0.19
rater,0,0.715,1.92,0.79
rathe,0,0.352,0.79,0.44
ratio,1,0.895,2.49,0.96
ratti,0,0.127,0.28,0.16
ratty,1,0.722,1.84,0.83
ratwa,0,0.088,0.2,0.11
rauli,0,0.08,0.09,0.13
raupo,0,0.142,0.37,0.16
ravel,0,0.583,1.49,0.67
raven,1,0.833,2.09,0.97
raver,0,0.752,1.96,0.85
ravin,0,0.413,1.16,0.44
rayed,0,0.518,1.28,0.61
rayon,1,0.482,1.3,0.53
razee,0,0.233,0.65,0.25
razer,0,0.74,1.89,0.85
razoo,0,0.117,0.28,0.14
razor,1,0.962,2.86,0.97
reaal,0,0.122,0.28,0.15
reach,1,0.987,2.98,0.98
react,1,0.963,2.87,0.97
readd,0,0.14,0.33,0.17
ready,1,0.995,3.0,0.99
realm,1,0.757,1.84,0.9
reamy,0,0.217,0.49,0.27
rearm,1,0.672,1.69,0.78
reask,0,0.22,0.48,0.28
reasy,0,0.168,0.38,0.21
reave,0,0.197,0.49,0.23
rebab,0,0.105,0.21,0.14
rebag,0,0.218,0.59,0.24
reban,0,0.087,0.19,0.11
rebar,1,0.37,0.9,0.44
rebec,0,0.198,0.41,0.26
rebed,0,0.262,0.67,0.3
rebeg,0,0.157,0.28,0.22
rebel,1,0.87,2.31,0.97
rebia,0,0.097,0.19,0.13
rebid,0,0.465,1.32,0.49
rebob,0,0.168,0.44,0.19
rebop,0,0.225,0.57,0.26
rebox,0,0.462,1.39,0.46
rebud,0,0.152,0.31,0.2
rebus,1,0.532,1.3,0.63
rebut,1,0.603,1.55,0.69
rebuy,0,0.507,1.36,0.56
recap,1,0.883,2.48,0.94
recce,0,0.188,0.47,0.22
recco,0,0.123,0.32,0.14
reccy,0,0.197,0.4,0.26
recon,0,0.603,1.64,0.66
recta,0,0.193,0.44,0.24
recti,0,0.145,0.3,0.19
recto,0,0.193,0.5,0.22
recur,1,0.262,0.67,0.3
recut,1,0.51,1.44,0.54
redan,0,0.203,0.47,0.25
reddy,0,0.693,2.24,0.64
redia,0,0.112,0.19,0.16
redid,0,0.78,2.04,0.88
redig,0,0.132,0.34,0.15
redip,0,0.098,0.17,0.14
redly,0,0.185,0.39,0.24
redox,0,0.312,0.79,0.36
redry,0,0.34,0.93,0.37
redub,0,0.257,0.61,0.31
redue,0,0.125,0.27,0.16
redux,0,0.467,1.24,0.52
redye,0,0.177,0.34,0.24
reedy,1,0.615,1.5,0.73
reefy,0,0.453,0.98,0.58
reeky,0,0.765,1.98,0.87
reese,0,0.785,1.98,0.91
reesk,0,0.08,0.09,0.13
reest,0,0.177,0.34,0.24
reeve,0,0.292,0.67,0.36
refan,0,0.083,0.17,0.11
refel,0,0.13,0.24,0.18
refer,1,0.945,2.79,0.96
refit,1,0.547,1.48,0.6
refix,0,0.17,0.33,0.23
refly,0,0.295,0.75,0.34
regal,1,0.762,1.84,0.91
reges,0,0.153,0.32,0.2
reget,0,0.147,0.28,0.2
regia,0,0.16,0.39,0.19
regin,0,0.152,0.25,0.22
regle,0,0.143,0.41,0.15
regma,0,0.073,0.11,0.11
regur,0,0.083,0.17,0.11
rehab,1,0.845,2.31,0.92
rehoe,0,0.15,0.42,0.16
reify,0,0.203,0.71,0.17
reign,1,0.805,2.04,0.93
reina,0,0.347,0.88,0.4
reins,0,0.77,1.92,0.9
relap,0,0.275,0.78,0.29
relax,1,0.993,2.99,0.99
relay,1,0.827,2.17,0.93
relet,0,0.248,0.71,0.26
relic,1,0.713,1.73,0.85
relot,0,0.153,0.38,0.18
reman,0,0.302,0.88,0.31
remap,0,0.552,1.54,0.59
remex,0,0.092,0.19,0.12
remit,1,0.687,1.78,0.78
remix,0,0.82,2.16,0.92
remop,0,0.078,0.14,0.11
renal,1,0.52,1.23,0.63
reneg,0,0.26,0.69,0.29
renes,0,0.153,0.32,0.2
renet,0,0.202,0.52,0.23
renew,1,0.92,2.61,0.97
renin,0,0.175,0.45,0.2
renky,0,0.073,0.11,0.11
renne,0,0.252,0.67,0.28
reoil,0,0.685,1.77,0.78
reown,0,0.42,0.87,0.55
repay,1,0.88,2.4,0.96
repeg,0,0.12,0.3,0.14
repel,1,0.795,2.04,0.91
repen,0,0.555,1.41,0.64
repew,0,0.228,0.5,0.29
repic,0,0.135,0.36,0.15
repin,0,0.532,1.66,0.51
reply,1,0.987,2.98,0.98
repot,0,0.872,2.44,0.93
reree,0,0.205,0.48,0.25
rerig,0,0.167,0.43,0.19
rerob,0,0.148,0.38,0.17
rerow,0,0.275,0.78,0.29
rerub,0,0.288,0.8,0.31
rerun,1,0.855,2.31,0.94
resaw,0,0.183,0.41,0.23
resay,0,0.353,0.98,0.38
resee,0,0.305,0.81,0.34
reset,1,0.925,2.64,0.97
resew,0,0.485,1.38,0.51
resex,0,0.12,0.21,0.17
resin,1,0.662,1.63,0.78
resow,0,0.247,0.61,0.29
resty,0,0.293,0.68,0.36
resue,0,0.275,0.69,0.32
resun,0,0.362,0.88,0.43
resup,0,0.162,0.4,0.19
retag,0,0.283,0.86,0.28
retan,0,0.113,0.23,0.15
retax,0,0.395,1.14,0.41
retch,1,0.677,1.66,0.8
retem,0,0.175,0.54,0.17
rethe,0,0.273,0.59,0.35
retia,0,0.117,0.22,0.16
retie,0,0.272,0.67,0.32
retin,0,0.198,0.38,0.27
retip,0,0.24,0.66,0.26
retro,1,0.797,2.05,0.91
retry,1,0.902,2.5,0.97
reune,0,0.112,0.34,0.11
reuse,1,0.868,2.33,0.96
revel,1,0.773,1.91,0.91
rever,0,0.462,1.15,0.54
revet,0,0.23,0.57,0.27
revie,0,0.292,0.82,0.31
revue,1,0.523,1.34,0.6
rewax,0,0.217,0.61,0.23
rewed,0,0.31,0.78,0.36
rewet,0,0.463,1.4,0.46
rewin,0,0.43,1.2,0.46
rexen,0,0.137,0.25,0.19
rhamn,0,0.072,0.1,0.11
rheen,0,0.133,0.23,0.19
rheic,0,0.05,0.06,0.08
rhein,0,0.443,1.04,0.54
rhema,0,0.107,0.25,0.13
rheme,0,0.095,0.15,0.14
rheum,0,0.232,0.52,0.29
rhine,0,0.66,1.59,0.79
rhino,1,0.802,1.96,0.95
rhomb,0,0.255,0.51,0.34
rhumb,0,0.125,0.24,0.17
rhyme,1,0.95,2.76,0.98
rhymy,0,0.77,2.01,0.87
riant,0,0.32,0.96,0.32
riata,0,0.212,0.61,0.22
ribat,0,0.07,0.12,0.1
ribby,0,0.268,0.56,0.35
ricer,0,0.758,1.91,0.88
ricey,0,0.188,0.35,0.26
richt,0,0.247,0.82,0.22
ricin,0,0.302,0.97,0.28
riden,0,0.82,2.16,0.92
rider,1,0.932,2.68,0.97
ridge,1,0.833,2.21,0.93
ridgy,0,0.425,1.05,0.5
rifle,1,0.847,2.2,0.96
rifty,0,0.145,0.33,0.18
right,1,0.995,3.0,0.99
rigid,1,0.84,2.19,0.95
rigol,0,0.097,0.19,0.13
rigor,1,0.708,1.76,0.83
riley,0,0.772,1.93,0.9
rilly,0,0.197,0.58,0.2
rimal,0,0.115,0.24,0.15
rimer,0,0.472,1.03,0.6
rimpi,0,0.077,0.16,0.1
rinch,0,0.112,0.19,0.16
rindy,0,0.342,0.85,0.4
ringe,0,0.355,0.81,0.44
ringy,0,0.477,1.24,0.54
rinka,0,0.152,0.52,0.13
rinse,1,0.982,2.95,0.98
ripal,0,0.187,0.37,0.25
ripen,1,0.928,2.66,0.97
riper,1,0.77,1.86,0.92
ripup,0,0.577,1.57,0.63
risen,1,0.833,2.12,0.96
riser,1,0.778,2.0,0.89
rishi,0,0.35,0.93,0.39
risky,1,0.96,2.85,0.97
ritzy,0,0.737,1.87,0.85
rival,1,0.87,2.34,0.96
rivel,0,0.278,0.77,0.3
riven,0,0.42,1.08,0.48
river,1,0.983,2.96,0.98
rivet,1,0.752,1.81,0.9
riyal,0,0.283,0.86,0.28
roach,1,0.852,2.26,0.95
roast,1,0.957,2.83,0.97
rober,0,0.325,0.69,0.42
robin,1,0.87,2.34,0.96
roble,0,0.205,0.51,0.24
robot,1,0.932,2.65,0.98
robur,0,0.135,0.21,0.2
rocky,1,0.93,2.64,0.98
rocta,0,0.125,0.27,0.16
rodeo,1,0.8,1.98,0.94
rodge,0,0.692,1.81,0.78
rogan,0,0.252,0.67,0.28
roger,1,0.87,2.34,0.96
rogue,1,0.788,1.97,0.92
rohan,0,0.215,0.45,0.28
rohob,0,0.095,0.21,0.12
rohun,0,0.137,0.28,0.18
roily,0,0.438,1.22,0.47
rokee,0,0.187,0.37,0.25
roker,0,0.607,1.42,0.74
rokey,0,0.112,0.22,0.15
roleo,0,0.092,0.16,0.13
romal,0,0.178,0.41,0.22
rompu,0,0.08,0.15,0.11
rompy,0,0.18,0.42,0.22
ronco,0,0.265,0.66,0.31
ronde,0,0.235,0.54,0.29
rondo,0,0.463,1.13,0.55
roofy,0,0.477,1.24,0.54
rooky,0,0.792,2.02,0.91
roomy,1,0.855,2.31,0.94
roosa,0,0.14,0.3,0.18
roost,1,0.755,1.92,0.87
rooty,0,0.373,0.95,0.43
roove,0,0.213,0.5,0.26
roper,0,0.702,1.75,0.82
ropes,0,0.955,2.82,0.97
roque,0,0.317,0.94,0.32
roral,0,0.182,0.37,0.24
roric,0,0.087,0.13,0.13
rorty,0,0.202,0.49,0.24
rosal,0,0.198,0.41,0.26
rosed,0,0.742,1.99,0.82
rosel,0,0.17,0.3,0.24
roset,0,0.327,0.58,0.46
rosin,0,0.488,1.13,0.6
rotal,0,0.122,0.19,0.18
rotan,0,0.28,0.87,0.27
rotch,0,0.108,0.17,0.16
roter,0,0.343,0.92,0.38
rotge,0,0.068,0.14,0.09
rotor,1,0.723,1.76,0.86
rouge,1,0.488,1.16,0.59
rough,1,0.983,2.96,0.98
rougy,0,0.132,0.25,0.18
rouky,0,0.135,0.24,0.19
round,1,0.988,2.99,0.98
roupy,0,0.158,0.32,0.21
rouse,1,0.742,1.93,0.84
roust,0,0.402,1.09,0.44
route,1,0.955,2.82,0.97
routh,0,0.357,0.79,0.45
rover,1,0.79,1.98,0.92
rovet,0,0.185,0.42,0.23
rowan,0,0.51,1.23,0.61
rowdy,1,0.782,1.99,0.9
rowed,0,0.862,2.32,0.95
rowel,0,0.13,0.27,0.17
rowen,0,0.313,0.68,0.4
rower,1,0.81,2.07,0.93
rowet,0,0.073,0.11,0.11
rowty,0,0.112,0.16,0.17
royal,1,0.917,2.56,0.98
royet,0,0.092,0.19,0.12
rozum,0,0.075,0.12,0.11
ruach,0,0.107,0.22,0.14
ruana,0,0.087,0.19,0.11
ruble,0,0.602,1.54,0.69
rubor,0,0.128,0.23,0.18
ruche,0,0.243,0.92,0.18
rucky,0,0.425,1.08,0.49
rudas,0,0.13,0.3,0.16
ruddy,1,0.652,1.54,0.79
ruder,1,0.71,1.74,0.84
rudge,0,0.3,0.72,0.36
rufus,0,0.655,1.5,0.81
rugby,1,0.778,1.94,0.91
ruggy,0,0.575,1.47,0.66
ruing,0,0.455,1.23,0.5
ruler,1,0.963,2.84,0.98
rumal,0,0.095,0.18,0.13
rumba,1,0.7,1.8,0.8
rumbo,0,0.228,0.5,0.29
rumen,0,0.29,0.84,0.3
rumly,0,0.16,0.33,0.21
rummy,0,0.693,1.7,0.82
rumor,1,0.945,2.73,0.98
runby,0,0.218,0.53,0.26
runch,0,0.358,1.04,0.37
runed,0,0.387,0.91,0.47
runer,0,0.537,1.27,0.65
runic,0,0.452,1.15,0.52
runny,0,0.89,2.52,0.94
runty,0,0.622,1.54,0.73
rupee,1,0.657,1.69,0.75
rupia,0,0.542,1.48,0.59
rupie,0,0.63,1.65,0.71
rural,1,0.875,2.34,0.97
rushy,0,0.278,0.59,0.36
rusky,0,0.152,0.34,0.19
rusma,0,0.055,0.06,0.09
rusot,0,0.06,0.09,0.09
rusty,1,0.943,2.75,0.97
rutch,0,0.112,0.19,0.16
rutic,0,0.087,0.13,0.13
rutin,0,0.25,0.78,0.24
rutty,0,0.42,1.11,0.47
rutyl,0,0.087,0.13,0.13
ruvid,0,0.072,0.1,0.11
rybat,0,0.062,0.1,0.09
ryder,0,0.668,1.76,0.75
saber,0,0.56,1.41,0.65
sable,0,0.632,1.45,0.78
sably,0,0.292,0.82,0.31
sabot,0,0.6,1.65,0.65
sabra,0,0.183,0.59,0.17
sabzi,0,0.108,0.23,0.14
sacra,0,0.248,0.56,0.31
sacro,0,0.227,0.55,0.27
sadhe,0,0.13,0.3,0.16
sadhu,0,0.228,0.77,0.2
sadic,0,0.543,1.55,0.57
sadly,1,0.943,2.72,0.98
safen,0,0.557,1.27,0.69
safer,1,0.953,2.81,0.97
saggy,0,0.83,2.22,0.92
sagum,0,0.085,0.18,0.11
sahib,0,0.277,0.85,0.27
sahme,0,0.088,0.17,0.12
saiga,0,0.23,0.75,0.21
saily,0,0.125,0.24,0.17
saimy,0,0.13,0.3,0.16
saint,1,0.843,2.15,0.97
sairy,0,0.128,0.29,0.16
sajou,0,0.058,0.08,0.09
saker,0,0.273,0.68,0.32
salad,1,0.985,2.97,0.98
salal,0,0.133,0.26,0.18
salar,0,0.213,0.65,0.21
salat,0,0.368,1.01,0.4
salay,0,0.203,0.62,0.2
salep,0,0.123,0.32,0.14
salic,0,0.245,0.75,0.24
salix,0,0.093,0.17,0.13
salle,0,0.327,1.0,0.32
sally,1,0.897,2.47,0.97
salma,0,0.357,1.0,0.38
salol,0,0.06,0.06,0.1
salon,1,0.83,2.22,0.92
salpa,0,0.155,0.36,0.19
salsa,1,0.857,2.32,0.94
salse,0,0.185,0.48,0.21
salta,0,0.393,1.31,0.35
salty,1,0.988,2.99,0.98
salve,1,0.397,1.09,0.43
salvo,1,0.272,0.94,0.23
salvy,0,0.355,0.87,0.42
samaj,0,0.072,0.07,0.12
saman,0,0.153,0.41,0.17
samba,0,0.698,1.7,0.83
sambo,0,0.292,0.91,0.28
samel,0,0.22,0.54,0.26
samen,0,0.212,0.7,0.19
sammy,0,0.778,2.0,0.89
sampi,0,0.092,0.13,0.14
sanai,0,0.068,0.11,0.1
sanct,0,0.192,0.37,0.26
sandy,1,0.9,2.52,0.96
saner,1,0.612,1.54,0.71
sanga,0,0.285,0.84,0.29
sansi,0,0.065,0.09,0.1
sapan,0,0.205,0.6,0.21
sapek,0,0.063,0.14,0.08
sapid,0,0.26,0.81,0.25
sapin,0,0.137,0.34,0.16
saple,0,0.263,0.53,0.35
sapor,0,0.11,0.24,0.14
sappy,1,0.762,1.93,0.88
saraf,0,0.085,0.18,0.11
sargo,0,0.12,0.24,0.16
sarif,0,0.108,0.2,0.15
sarip,0,0.078,0.17,0.1
sarna,0,0.157,0.4,0.18
sarod,0,0.118,0.29,0.14
saron,0,0.138,0.29,0.18
saros,0,0.133,0.32,0.16
sarpo,0,0.082,0.19,0.1
sarra,0,0.162,0.34,0.21
sarsa,0,0.09,0.09,0.15
sarus,0,0.157,0.43,0.17
sasan,0,0.095,0.15,0.14
sasin,0,0.08,0.12,0.12
sassy,1,0.833,2.21,0.93
satan,0,0.852,2.17,0.98
satin,1,0.79,1.98,0.92
satyr,1,0.407,1.09,0.45
sauce,1,0.987,2.98,0.98
saucy,1,0.808,2.06,0.93
saugh,0,0.137,0.25,0.19
sauld,0,0.458,1.13,0.54
sault,0,0.395,1.08,0.43
sauna,1,0.748,1.94,0.85
saury,0,0.17,0.42,0.2
saute,1,0.637,1.69,0.71
sauty,0,0.197,0.55,0.21
sauve,0,0.113,0.26,0.14
saved,0,0.992,2.98,0.99
saver,0,0.923,2.66,0.96
savin,0,0.25,0.66,0.28
savor,1,0.835,2.16,0.95
savoy,1,0.525,1.26,0.63
savvy,1,0.755,1.98,0.85
sawah,0,0.15,0.45,0.15
sawed,0,0.93,2.7,0.96
sawer,0,0.93,2.67,0.97
sayer,0,0.395,1.05,0.44
sayid,0,0.207,0.52,0.24
sazen,0,0.068,0.11,0.1
scads,0,0.48,1.29,0.53
scaff,0,0.462,1.21,0.52
scala,0,0.425,1.17,0.46
scald,1,0.653,1.64,0.76
scale,1,0.932,2.68,0.97
scall,0,0.195,0.54,0.21
scalp,1,0.86,2.31,0.95
scalt,0,0.108,0.23,0.14
scaly,1,0.805,2.07,0.92
scamp,1,0.65,1.68,0.74
scant,1,0.562,1.39,0.66
scape,0,0.645,1.68,0.73
scare,1,0.965,2.85,0.98
scarf,1,0.903,2.51,0.97
scarn,0,0.272,0.67,0.32
scarp,0,0.318,0.89,0.34
scart,0,0.155,0.27,0.22
scary,1,0.982,2.95,0.98
scase,0,0.132,0.28,0.17
scaul,0,0.087,0.1,0.14
scaum,0,0.103,0.2,0.14
scaup,0,0.143,0.38,0.16
scaur,0,0.083,0.14,0.12
scaut,0,0.387,0.85,0.49
scawd,0,0.103,0.29,0.11
scawl,0,0.193,0.38,0.26
sceat,0,0.063,0.08,0.1
scena,0,0.513,1.31,0.59
scend,0,0.473,0.89,0.65
scene,1,0.935,2.7,0.97
scent,1,0.933,2.69,0.97
schuh,0,0.133,0.23,0.19
schwa,0,0.328,0.74,0.41
scind,0,0.145,0.27,0.2
scion,1,0.32,0.99,0.31
sclaw,0,0.248,0.53,0.32
scler,0,0.122,0.16,0.19
sclim,0,0.062,0.13,0.08
scoad,0,0.122,0.37,0.12
scobs,0,0.227,0.67,0.23
scoff,1,0.73,1.86,0.84
scoke,0,0.377,0.85,0.47
scolb,0,0.068,0.14,0.09
scold,1,0.833,2.15,0.95
scone,1,0.768,1.94,0.89
scoon,0,0.71,1.8,0.82
scoop,1,0.92,2.61,0.97
scoot,0,0.832,2.23,0.92
scopa,0,0.112,0.25,0.14
scope,1,0.85,2.25,0.95
scops,0,0.232,0.58,0.27
score,1,0.983,2.96,0.98
scorn,1,0.733,1.79,0.87
scote,0,0.347,0.79,0.43
scouk,0,0.153,0.29,0.21
scoup,0,0.507,1.24,0.6
scour,1,0.67,1.68,0.78
scout,1,0.852,2.23,0.96
scove,0,0.13,0.24,0.18
scovy,0,0.262,0.73,0.28
scowl,1,0.747,1.93,0.85
scrab,0,0.645,1.65,0.74
scrae,0,0.08,0.15,0.11
scrag,0,0.392,1.06,0.43
scram,1,0.795,2.07,0.9
scran,0,0.135,0.27,0.18
scrap,1,0.915,2.61,0.96
scrat,0,0.327,0.79,0.39
scraw,0,0.422,1.0,0.51
scray,0,0.137,0.31,0.17
scree,1,0.362,0.97,0.4
screw,1,0.973,2.9,0.98
scrim,0,0.447,1.24,0.48
scrin,0,0.135,0.27,0.18
scrip,0,0.377,1.06,0.4
scrob,0,0.092,0.13,0.14
scrod,0,0.14,0.3,0.18
scrog,0,0.097,0.22,0.12
scroo,0,0.325,0.84,0.37
scrow,0,0.155,0.36,0.19
scrub,1,0.95,2.79,0.97
scruf,0,0.435,1.23,0.46
scrum,1,0.443,1.13,0.51
scuba,1,0.737,1.84,0.86
scudi,0,0.093,0.14,0.14
scudo,0,0.157,0.34,0.2
scuff,0,0.765,2.04,0.85
scuft,0,0.34,0.93,0.37
scull,0,0.463,1.16,0.54
sculp,0,0.783,1.94,0.92
scurf,0,0.288,0.77,0.32
scuse,0,0.538,1.19,0.68
scuta,0,0.068,0.08,0.11
scute,0,0.21,0.6,0.22
seamy,0,0.555,1.41,0.64
seary,0,0.228,0.53,0.28
seave,0,0.167,0.43,0.19
seavy,0,0.255,0.66,0.29
sebum,0,0.215,0.66,0.21
secos,0,0.138,0.38,0.15
secre,0,0.272,0.79,0.28
sedan,1,0.81,2.13,0.91
sedge,0,0.435,1.14,0.49
sedgy,0,0.245,0.57,0.3
sedum,0,0.12,0.33,0.13
seech,0,0.105,0.15,0.16
seedy,1,0.742,1.87,0.86
seege,0,0.207,0.73,0.17
seely,0,0.253,0.5,0.34
seepy,0,0.377,0.97,0.43
segol,0,0.052,0.04,0.09
segue,1,0.588,1.58,0.65
seine,0,0.462,1.33,0.48
seise,0,0.113,0.23,0.15
seism,0,0.21,0.42,0.28
seity,0,0.098,0.17,0.14
seize,1,0.823,2.12,0.94
sekos,0,0.077,0.13,0.11
selah,0,0.26,0.75,0.27
sella,0,0.322,0.88,0.35
selly,0,0.26,0.66,0.3
selva,0,0.247,0.73,0.25
semen,1,0.687,1.69,0.81
semic,0,0.232,0.52,0.29
semis,0,0.53,1.53,0.55
senam,0,0.118,0.26,0.15
sence,0,0.37,1.11,0.37
senna,0,0.303,0.86,0.32
sensa,0,0.193,0.44,0.24
sense,1,0.993,2.99,0.99
senso,0,0.13,0.27,0.17
sepad,0,0.083,0.17,0.11
sepal,0,0.362,0.94,0.41
sepia,1,0.658,1.64,0.77
sepic,0,0.07,0.09,0.11
sepoy,0,0.323,1.01,0.31
septa,0,0.208,0.56,0.23
sequa,0,0.145,0.33,0.18
serab,0,0.078,0.2,0.09
serai,0,0.118,0.23,0.16
seral,0,0.092,0.13,0.14
serau,0,0.073,0.17,0.09
seraw,0,0.097,0.28,0.1
sereh,0,0.08,0.18,0.1
serge,0,0.51,1.47,0.53
serif,1,0.55,1.38,0.64
serin,0,0.188,0.41,0.24
serio,0,0.208,0.53,0.24
sermo,0,0.242,0.58,0.29
seron,0,0.092,0.16,0.13
serow,0,0.15,0.36,0.18
serra,0,0.365,1.11,0.36
serry,0,0.143,0.32,0.18
serta,0,0.482,1.21,0.56
serum,1,0.653,1.61,0.77
serut,0,0.093,0.2,0.12
serve,1,0.987,2.98,0.98
servo,0,0.442,1.15,0.5
sesma,0,0.05,0.06,0.08
sesti,0,0.138,0.35,0.16
setae,0,0.073,0.08,0.12
setal,0,0.115,0.18,0.17
seton,0,0.268,0.74,0.29
setup,1,0.955,2.82,0.97
seugh,0,0.118,0.38,0.11
seven,1,0.993,2.99,0.99
sever,1,0.797,2.08,0.9
sewan,0,0.613,1.49,0.73
sewed,0,0.927,2.65,0.97
sewen,0,0.207,0.46,0.26
sewer,1,0.91,2.55,0.97
sexed,0,0.687,1.6,0.84
sexly,0,0.12,0.18,0.18
sexto,0,0.188,0.44,0.23
sfoot,0,0.147,0.28,0.2
shack,1,0.815,2.07,0.94
shade,1,0.97,2.91,0.97
shady,1,0.923,2.63,0.97
shaft,1,0.813,2.09,0.93
shahi,0,0.145,0.3,0.19
shake,1,0.993,2.99,0.99
shako,0,0.177,0.46,0.2
shaku,0,0.088,0.14,0.13
shaky,1,0.94,2.73,0.97
shale,1,0.685,1.59,0.84
shall,1,0.818,2.03,0.96
shalt,1,0.462,0.94,0.61
shaly,0,0.31,0.78,0.36
shama,0,0.163,0.41,0.19
shame,1,0.96,2.82,0.98
shank,1,0.733,1.91,0.83
shant,0,0.408,0.98,0.49
shape,1,0.993,2.99,0.99
shaps,0,0.257,0.73,0.27
shapy,0,0.188,0.47,0.22
shard,1,0.75,1.89,0.87
share,1,0.99,3.0,0.98
shark,1,0.927,2.59,0.99
sharn,0,0.187,0.43,0.23
sharp,1,0.987,2.98,0.98
shaul,0,0.468,1.07,0.58
shaup,0,0.13,0.36,0.14
shave,1,0.982,2.95,0.98
shawl,1,0.762,1.9,0.89
shawm,0,0.162,0.4,0.19
shawy,0,0.16,0.3,0.22
sheaf,0,0.468,1.16,0.55
sheal,0,0.162,0.28,0.23
shear,1,0.817,2.14,0.92
sheat,0,0.342,0.88,0.39
sheen,1,0.798,2.03,0.92
sheep,1,0.945,2.73,0.98
sheer,1,0.778,1.97,0.9
sheet,1,0.987,2.98,0.98
sheik,1,0.675,1.68,0.79
shela,0,0.192,0.4,0.25
sheld,0,0.315,0.87,0.34
shelf,1,0.977,2.95,0.97
shell,1,0.98,2.94,0.98
shend,0,0.15,0.39,0.17
sheng,0,0.113,0.23,0.15
sheth,0,0.09,0.12,0.14
sheva,0,0.19,0.45,0.23
shewa,0,0.165,0.36,0.21
shice,0,0.108,0.26,0.13
shide,0,0.145,0.45,0.14
shied,1,0.635,1.62,0.73
shiel,0,0.258,0.56,0.33
shier,0,0.238,0.47,0.32
shies,0,0.802,2.26,0.85
shift,1,0.983,2.96,0.98
shiko,0,0.087,0.13,0.13
shilf,0,0.237,0.61,0.27
shill,0,0.507,1.39,0.55
shine,1,0.993,2.99,0.99
shiny,1,0.968,2.87,0.98
shire,1,0.627,1.42,0.78
shirk,1,0.662,1.81,0.72
shirl,0,0.335,0.84,0.39
shirr,0,0.283,0.77,0.31
shirt,1,0.995,3.0,0.99
shish,0,0.292,0.85,0.3
shisn,0,0.068,0.14,0.09
shita,0,0.138,0.32,0.17
shive,0,0.225,0.48,0.29
shivy,0,0.193,0.44,0.24
shoad,0,0.135,0.3,0.17
shoal,1,0.523,1.34,0.6
shoat,0,0.165,0.45,0.18
shock,1,0.977,2.92,0.98
shode,0,0.267,0.58,0.34
shoer,0,0.255,0.57,0.32
shogi,0,0.122,0.34,0.13
shoji,0,0.237,0.88,0.18
shola,0,0.112,0.22,0.15
shole,0,0.425,1.08,0.49
shone,1,0.86,2.31,0.95
shood,0,0.192,0.31,0.28
shooi,0,0.215,0.57,0.24
shook,1,0.972,2.92,0.97
shool,0,0.333,0.8,0.4
shoop,0,0.257,0.64,0.3
shoor,0,0.09,0.15,0.13
shoot,1,0.985,2.97,0.98
shore,1,0.948,2.78,0.97
shorn,1,0.617,1.57,0.71
short,1,0.993,2.99,0.99
shote,0,0.223,0.5,0.28
shott,0,0.335,0.78,0.41
shout,1,0.987,2.98,0.98
shove,1,0.908,2.57,0.96
shown,1,0.96,2.85,0.97
showy,1,0.775,1.98,0.89
shoya,0,0.082,0.16,0.11
shrab,0,0.205,0.42,0.27
shraf,0,0.083,0.17,0.11
shrag,0,0.182,0.49,0.2
shram,0,0.105,0.18,0.15
shrap,0,0.408,0.92,0.51
shred,0,0.868,2.36,0.95
shree,0,0.125,0.21,0.18
shrew,1,0.617,1.6,0.7
shrip,0,0.527,1.18,0.66
shrog,0,0.107,0.28,0.12
shrub,1,0.723,1.79,0.85
shrug,1,0.905,2.55,0.96
shuba,0,0.105,0.21,0.14
shuck,1,0.65,1.68,0.74
shuff,0,0.437,1.15,0.49
shune,0,0.107,0.28,0.12
shunt,1,0.512,1.27,0.6
shure,0,0.568,1.58,0.61
shurf,0,0.12,0.24,0.16
shush,1,0.907,2.56,0.96
shyer,0,0.193,0.32,0.28
shyly,1,0.813,2.12,0.92
sibby,0,0.292,0.67,0.36
sibyl,0,0.305,0.9,0.31
sicca,0,0.082,0.13,0.12
sided,0,0.772,2.08,0.85
sider,0,0.333,0.77,0.41
sides,0,0.987,2.98,0.98
sidhe,0,0.103,0.17,0.15
sidle,0,0.533,1.43,0.59
sidth,0,0.278,0.62,0.35
siege,1,0.742,1.81,0.88
sieve,1,0.792,2.02,0.91
sievy,0,0.162,0.37,0.2
sifac,0,0.053,0.05,0.09
sight,1,0.97,2.88,0.98
sigil,0,0.278,0.77,0.3
sigla,0,0.113,0.29,0.13
sigma,1,0.608,1.46,0.73
sikar,0,0.092,0.16,0.13
siket,0,0.128,0.35,0.14
silen,0,0.193,0.41,0.25
silex,0,0.208,0.5,0.25
silky,1,0.88,2.4,0.96
silly,1,0.977,2.92,0.98
silty,0,0.623,1.58,0.72
silva,0,0.368,0.98,0.41
silyl,0,0.08,0.06,0.14
simal,0,0.128,0.29,0.16
simar,0,0.125,0.33,0.14
sinal,0,0.328,1.01,0.32
since,1,0.985,2.97,0.98
sinew,1,0.567,1.42,0.66
singe,1,0.725,1.83,0.84
singh,0,0.577,1.51,0.65
sinky,0,0.44,1.2,0.48
sinus,0,0.74,1.89,0.85
siper,0,0.115,0.3,0.13
sipid,0,0.208,0.53,0.24
siren,1,0.897,2.47,0.97
sirih,0,0.055,0.09,0.08
siris,0,0.397,0.94,0.48
sirki,0,0.065,0.09,0.1
sirky,0,0.103,0.2,0.14
siroc,0,0.283,0.92,0.26
sirup,0,0.802,2.08,0.91
sisal,0,0.32,1.02,0.3
sisel,0,0.132,0.28,0.17
sissy,1,0.795,1.95,0.94
sitao,0,0.062,0.1,0.09
sitar,0,0.515,1.26,0.61
sitch,0,0.64,1.68,0.72
sithe,0,0.397,1.03,0.45
sitio,0,0.275,0.57,0.36
situs,0,0.187,0.43,0.23
siver,0,0.217,0.58,0.24
sixer,0,0.543,1.52,0.58
sixte,0,0.17,0.42,0.2
sixth,1,0.908,2.54,0.97
sixty,1,0.975,2.88,0.99
sizal,0,0.07,0.09,0.11
sizar,0,0.172,0.31,0.24
sized,0,0.798,2.21,0.86
sizer,0,0.498,1.4,0.53
sizes,0,0.978,2.96,0.97
skaff,0,0.185,0.51,0.2
skair,0,0.12,0.21,0.17
skart,0,0.208,0.53,0.24
skate,1,0.908,2.51,0.98
skean,0,0.138,0.23,0.2
skeed,0,0.195,0.45,0.24
skeeg,0,0.11,0.15,0.17
skeel,0,0.203,0.44,0.26
skeen,0,0.192,0.34,0.27
skeer,0,0.14,0.21,0.21
skeet,0,0.578,1.43,0.68
skeif,0,0.108,0.17,0.16
skein,0,0.392,1.12,0.41
skelf,0,0.115,0.24,0.15
skell,0,0.275,0.66,0.33
skelp,0,0.083,0.11,0.13
skemp,0,0.238,0.71,0.24
skene,0,0.317,0.94,0.32
skere,0,0.123,0.26,0.16
skete,0,0.202,0.4,0.27
skewl,0,0.678,1.76,0.77
skewy,0,0.117,0.19,0.17
skice,0,0.157,0.4,0.18
skied,0,0.775,2.01,0.88
skier,1,0.838,2.15,0.96
skies,0,0.967,2.86,0.98
skiff,1,0.483,1.16,0.58
skift,0,0.685,1.92,0.73
skill,1,0.98,2.94,0.98
skime,0,0.143,0.35,0.17
skimp,1,0.752,1.96,0.85
skink,0,0.383,0.98,0.44
skirl,0,0.142,0.25,0.2
skirp,0,0.133,0.26,0.18
skirr,0,0.503,1.52,0.5
skirt,1,0.958,2.81,0.98
skite,0,0.508,1.37,0.56
skive,0,0.28,0.75,0.31
skoal,0,0.378,1.01,0.42
skout,0,0.795,2.01,0.92
skulk,1,0.503,1.34,0.56
skull,1,0.89,2.43,0.97
skulp,0,0.387,0.97,0.45
skunk,1,0.808,2.0,0.95
skuse,0,0.182,0.4,0.23
skyey,0,0.243,0.38,0.36
skyre,0,0.183,0.41,0.23
slack,1,0.9,2.55,0.95
slade,0,0.455,1.05,0.56
slain,1,0.713,1.64,0.88
slait,0,0.175,0.42,0.21
slake,0,0.472,1.27,0.52
slaky,0,0.373,0.95,0.43
slamp,0,0.337,0.79,0.41
slane,0,0.203,0.44,0.26
slang,1,0.945,2.76,0.97
slank,0,0.177,0.61,0.15
slant,1,0.885,2.46,0.95
slape,0,0.688,1.79,0.78
slare,0,0.24,0.63,0.27
slart,0,0.102,0.25,0.12
slash,1,0.937,2.71,0.97
slate,1,0.822,2.08,0.95
slath,0,0.138,0.32,0.17
slaty,0,0.493,1.34,0.54
slaum,0,0.087,0.16,0.12
slave,0,0.855,2.19,0.98
sleck,0,0.235,0.57,0.28
sleek,1,0.793,2.06,0.9
sleep,1,0.995,3.0,0.99
sleer,0,0.115,0.24,0.15
sleet,1,0.792,1.99,0.92
slent,0,0.23,0.54,0.28
slept,1,0.987,2.95,0.99
slete,0,0.173,0.44,0.2
slice,1,0.987,2.98,0.98
slich,0,0.177,0.43,0.21
slick,1,0.917,2.62,0.96
slide,1,0.975,2.91,0.98
slime,1,0.875,2.37,0.96
slimy,1,0.875,2.37,0.96
sline,0,0.143,0.32,0.18
sling,1,0.817,2.08,0.94
slink,1,0.693,1.7,0.82
slipe,0,0.517,1.33,0.59
slirt,0,0.088,0.17,0.12
slish,0,0.188,0.38,0.25
slite,0,0.263,0.5,0.36
slive,0,0.227,0.61,0.25
sloan,0,0.577,1.33,0.71
slock,0,0.13,0.3,0.16
sloka,0,0.085,0.18,0.11
sloke,0,0.347,0.91,0.39
slone,0,0.267,0.61,0.33
slonk,0,0.145,0.39,0.16
sloom,0,0.142,0.34,0.17
sloop,1,0.352,0.94,0.39
slope,1,0.885,2.43,0.96
slops,0,0.725,1.86,0.83
slopy,0,0.817,2.17,0.91
slorp,0,0.575,1.59,0.62
slosh,1,0.763,2.0,0.86
slote,0,0.655,1.53,0.8
sloth,1,0.822,2.05,0.96
slour,0,0.248,0.47,0.34
slows,0,0.927,2.68,0.96
sloyd,0,0.078,0.11,0.12
sluer,0,0.218,0.5,0.27
sluig,0,0.078,0.17,0.1
sluit,0,0.082,0.22,0.09
slump,1,0.822,2.17,0.92
slung,1,0.732,1.9,0.83
slunk,1,0.657,1.72,0.74
slurp,1,0.767,1.93,0.89
slush,1,0.742,1.96,0.83
slyly,1,0.758,1.91,0.88
slype,0,0.09,0.15,0.13
smack,1,0.915,2.61,0.96
smaik,0,0.1,0.21,0.13
small,1,0.995,3.0,0.99
smalm,0,0.117,0.16,0.18
smalt,0,0.113,0.2,0.16
smarm,0,0.543,1.52,0.58
smart,1,0.98,2.94,0.98
smash,1,0.963,2.84,0.98
smaze,0,0.135,0.33,0.16
smear,1,0.878,2.45,0.94
smeek,0,0.247,0.67,0.27
smeer,0,0.157,0.49,0.15
smell,1,0.995,3.0,0.99
smelt,1,0.743,1.82,0.88
smeth,0,0.285,0.87,0.28
smich,0,0.285,0.75,0.32
smile,1,0.995,3.0,0.99
smily,0,0.387,0.97,0.45
smirk,1,0.792,1.99,0.92
smite,1,0.658,1.55,0.8
smith,1,0.927,2.65,0.97
smock,1,0.605,1.5,0.71
smoke,1,0.993,2.99,0.99
smoky,1,0.932,2.68,0.97
smolt,0,0.137,0.31,0.17
smook,0,0.09,0.15,0.13
smoot,0,0.237,0.58,0.28
smore,0,0.763,1.91,0.89
smote,1,0.075,0.15,0.1
smous,0,0.137,0.31,0.17
smout,0,0.107,0.16,0.16
smurr,0,0.367,0.88,0.44
smuse,0,0.242,0.73,0.24
smush,0,0.737,1.93,0.83
smyth,0,0.682,1.66,0.81
snack,1,0.99,3.0,0.98
snaff,0,0.193,0.53,0.21
snafu,0,0.613,1.61,0.69
snail,1,0.877,2.35,0.97
snake,1,0.952,2.77,0.98
snaky,1,0.752,1.96,0.85
snape,0,0.792,2.02,0.91
snaps,0,0.905,2.64,0.93
snapy,0,0.7,1.95,0.75
snare,1,0.765,1.92,0.89
snark,0,0.55,1.32,0.66
snarl,1,0.75,1.92,0.86
snary,0,0.122,0.28,0.15
snath,0,0.117,0.19,0.17
snead,0,0.278,0.62,0.35
sneak,1,0.937,2.71,0.97
sneap,0,0.168,0.35,0.22
sneck,0,0.358,0.74,0.47
sneer,1,0.765,1.89,0.9
snell,0,0.385,0.9,0.47
snerp,0,0.068,0.14,0.09
snick,0,0.74,1.89,0.85
snide,1,0.627,1.63,0.71
sniff,1,0.953,2.81,0.97
snift,0,0.137,0.28,0.18
snipe,1,0.653,1.55,0.79
snipy,0,0.338,0.8,0.41
snirl,0,0.123,0.23,0.17
snirt,0,0.068,0.11,0.1
snite,0,0.175,0.39,0.22
snivy,0,0.493,1.28,0.56
snock,0,0.112,0.25,0.14
snoek,0,0.142,0.28,0.19
snoga,0,0.22,0.6,0.24
snoke,0,0.493,1.31,0.55
snood,0,0.398,1.1,0.43
snook,0,0.538,1.37,0.62
snoop,1,0.893,2.48,0.96
snoot,0,0.708,1.73,0.84
snore,1,0.973,2.9,0.98
snork,0,0.59,1.41,0.71
snort,1,0.868,2.36,0.95
snout,1,0.777,1.9,0.92
snowk,0,0.1,0.18,0.14
snowl,0,0.21,0.48,0.26
snowy,1,0.902,2.5,0.97
snuck,1,0.833,2.21,0.93
snuff,1,0.64,1.41,0.81
snurl,0,0.097,0.16,0.14
snurp,0,0.105,0.18,0.15
snurt,0,0.115,0.21,0.16
soaky,0,0.673,1.82,0.74
soapy,1,0.822,2.14,0.93
soary,0,0.625,1.5,0.75
sobby,0,0.648,1.55,0.78
sober,1,0.923,2.6,0.98
socht,0,0.097,0.25,0.11
socii,0,0.085,0.12,0.13
socky,0,0.26,0.66,0.3
socle,0,0.212,0.58,0.23
soddy,0,0.262,0.73,0.28
sodic,0,0.247,0.64,0.28
sodio,0,0.222,0.64,0.23
sofar,0,0.72,2.01,0.77
softa,0,0.378,0.77,0.5
softy,0,0.458,1.22,0.51
soger,0,0.108,0.23,0.14
soget,0,0.127,0.28,0.16
soggy,1,0.865,2.31,0.96
soily,0,0.227,0.61,0.25
soken,0,0.08,0.15,0.11
solan,0,0.125,0.27,0.16
solar,1,0.93,2.67,0.97
solay,0,0.13,0.27,0.17
soldi,0,0.338,0.95,0.36
soldo,0,0.48,1.53,0.45
solea,0,0.2,0.48,0.24
solen,0,0.23,0.48,0.3
soler,0,0.195,0.51,0.22
soles,0,0.928,2.69,0.96
solid,1,0.975,2.91,0.98
solio,0,0.102,0.22,0.13
solod,0,0.183,0.41,0.23
solon,0,0.287,0.73,0.33
solum,0,0.113,0.17,0.17
solve,1,0.977,2.92,0.98
somal,0,0.3,0.66,0.38
somma,0,0.227,0.64,0.24
sonar,1,0.655,1.62,0.77
songy,0,0.387,1.09,0.41
sonic,1,0.83,2.13,0.95
sonly,0,0.188,0.5,0.21
sonny,0,0.808,2.09,0.92
sonsy,0,0.198,0.41,0.26
sooky,0,0.335,0.84,0.39
soord,0,0.098,0.23,0.12
sooth,1,0.743,1.79,0.89
sooty,1,0.778,2.0,0.89
sophy,0,0.783,2.0,0.9
sopor,0,0.098,0.2,0.13
soppy,0,0.723,1.85,0.83
soral,0,0.098,0.17,0.14
sorda,0,0.182,0.55,0.18
soree,0,0.22,0.51,0.27
sorgo,0,0.242,0.7,0.25
sorra,0,0.118,0.26,0.15
sorry,1,0.993,2.99,0.99
sorty,0,0.198,0.5,0.23
sorus,0,0.092,0.13,0.14
sorva,0,0.078,0.14,0.11
sotie,0,0.075,0.12,0.11
sotol,0,0.15,0.42,0.16
sough,0,0.182,0.37,0.24
souly,0,0.11,0.18,0.16
sound,1,0.995,3.0,0.99
soupy,0,0.77,1.89,0.91
soury,0,0.145,0.33,0.18
souse,0,0.302,0.76,0.35
south,1,0.992,2.98,0.99
sowan,0,0.148,0.29,0.2
sowar,0,0.107,0.22,0.14
sowel,0,0.198,0.35,0.28
sower,1,0.685,1.62,0.83
sowle,0,0.117,0.19,0.17
sowse,0,0.165,0.24,0.25
sowte,0,0.128,0.35,0.14
sozin,0,0.068,0.08,0.11
space,1,0.992,2.98,0.99
spack,0,0.545,1.53,0.58
spacy,0,0.457,1.24,0.5
spade,1,0.87,2.31,0.97
spaer,0,0.168,0.35,0.22
spahi,0,0.097,0.22,0.12
spaid,0,0.395,0.99,0.46
spaik,0,0.633,1.58,0.74
spald,0,0.28,0.57,0.37
spale,0,0.408,1.16,0.43
spall,0,0.202,0.52,0.23
spalt,0,0.178,0.44,0.21
spane,0,0.538,1.22,0.67
spang,0,0.443,1.16,0.5
spank,1,0.883,2.39,0.97
spann,0,0.863,2.39,0.93
spare,1,0.947,2.77,0.97
spark,1,0.955,2.79,0.98
sparm,0,0.135,0.27,0.18
spart,0,0.253,0.62,0.3
spary,0,0.365,1.08,0.37
spasm,1,0.765,1.98,0.87
spate,0,0.313,0.92,0.32
spave,0,0.168,0.44,0.19
spawn,1,0.773,1.97,0.89
speak,1,0.995,3.0,0.99
speal,0,0.183,0.35,0.25
spean,0,0.153,0.29,0.21
spear,1,0.807,1.96,0.96
spece,0,0.165,0.39,0.2
speck,1,0.832,2.2,0.93
specs,0,0.81,2.34,0.84
speed,1,0.995,3.0,0.99
speel,0,0.207,0.52,0.24
speen,0,0.408,0.83,0.54
speer,0,0.442,1.18,0.49
spelk,0,0.642,1.66,0.73
spell,1,0.947,2.74,0.98
spelt,1,0.353,0.95,0.39
spend,1,0.99,3.0,0.98
spent,1,0.975,2.91,0.98
speos,0,0.065,0.09,0.1
sperm,1,0.82,2.07,0.95
spewy,0,0.233,0.53,0.29
spica,0,0.312,0.88,0.33
spice,1,0.985,2.97,0.98
spick,0,0.492,1.33,0.54
spicy,1,0.985,2.97,0.98
spied,1,0.837,2.14,0.96
spiel,1,0.222,0.49,0.28
spier,0,0.433,1.16,0.48
spiff,0,0.345,1.05,0.34
spike,1,0.915,2.58,0.97
spiky,1,0.843,2.27,0.93
spile,0,0.358,0.86,0.43
spill,1,0.98,2.94,0.98
spilt,1,0.733,1.91,0.83
spina,0,0.263,0.8,0.26
spine,1,0.92,2.61,0.97
spink,0,0.238,0.59,0.28
spiny,1,0.718,1.82,0.83
spire,1,0.718,1.73,0.86
spiro,0,0.335,1.02,0.33
spirt,0,0.348,0.77,0.44
spiry,0,0.16,0.27,0.23
spise,0,0.148,0.35,0.18
spite,1,0.865,2.31,0.96
spitz,0,0.5,1.32,0.56
splat,1,0.767,1.99,0.87
splay,0,0.455,1.26,0.49
splet,0,0.15,0.33,0.19
split,1,0.987,2.98,0.98
spode,0,0.277,0.7,0.32
spoil,1,0.95,2.79,0.97
spoke,1,0.923,2.63,0.97
spoky,0,0.6,1.44,0.72
spole,0,0.6,1.47,0.71
spong,0,0.305,0.78,0.35
spoof,1,0.772,1.99,0.88
spook,1,0.845,2.19,0.96
spool,1,0.745,1.83,0.88
spoom,0,0.118,0.2,0.17
spoon,1,0.995,3.0,0.99
spoor,0,0.333,1.04,0.32
spoot,0,0.223,0.53,0.27
spore,1,0.668,1.55,0.82
sport,1,0.98,2.94,0.98
sposh,0,0.128,0.29,0.16
spout,1,0.807,2.08,0.92
sprad,0,0.4,1.02,0.46
sprag,0,0.245,0.57,0.3
sprat,0,0.322,0.91,0.34
spray,1,0.982,2.95,0.98
spree,1,0.787,2.02,0.9
spret,0,0.193,0.56,0.2
sprew,0,0.202,0.4,0.27
sprig,1,0.598,1.49,0.7
sprit,0,0.697,1.75,0.81
sprod,0,0.137,0.34,0.16
sprue,0,0.193,0.44,0.24
sprug,0,0.267,0.67,0.31
spuke,0,0.172,0.4,0.21
spume,0,0.173,0.44,0.2
spumy,0,0.64,1.68,0.72
spung,0,0.392,0.82,0.51
spunk,1,0.733,1.82,0.86
spurl,0,0.203,0.44,0.26
spurn,1,0.58,1.53,0.65
spurt,1,0.778,2.0,0.89
sputa,0,0.24,0.66,0.26
spyer,0,0.19,0.42,0.24
squab,0,0.335,0.96,0.35
squad,1,0.88,2.43,0.95
squam,0,0.123,0.2,0.18
squat,1,0.872,2.35,0.96
squaw,0,0.457,1.09,0.55
squib,1,0.467,1.24,0.52
squid,0,0.748,1.85,0.88
squin,0,0.103,0.14,0.16
squit,0,0.622,1.63,0.7
sruti,0,0.052,0.04,0.09
staab,0,0.108,0.23,0.14
stack,1,0.958,2.84,0.97
stade,0,0.34,0.93,0.37
staff,1,0.98,2.94,0.98
stage,1,0.962,2.83,0.98
stagy,0,0.168,0.32,0.23
staia,0,0.068,0.08,0.11
staid,1,0.472,1.18,0.55
stain,1,0.96,2.85,0.97
staio,0,0.075,0.12,0.11
stair,1,0.985,2.97,0.98
stake,1,0.918,2.6,0.97
stale,1,0.942,2.74,0.97
stalk,1,0.882,2.41,0.96
stall,1,0.893,2.48,0.96
stamp,1,0.975,2.91,0.98
stand,1,0.995,3.0,0.99
stane,0,0.39,0.81,0.51
stang,0,0.282,0.7,0.33
stank,1,0.877,2.44,0.94
stare,1,0.947,2.77,0.97
stark,1,0.8,2.04,0.92
starn,0,0.243,0.41,0.35
start,1,0.995,3.0,0.99
stary,0,0.588,1.31,0.74
stash,1,0.808,2.12,0.91
state,1,0.985,2.97,0.98
stauk,0,0.09,0.21,0.11
staun,0,0.318,0.83,0.36
staup,0,0.153,0.38,0.18
stave,1,0.662,1.54,0.81
stawn,0,0.127,0.22,0.18
stays,0,0.965,2.91,0.96
stchi,0,0.077,0.16,0.1
stead,1,0.475,1.11,0.58
steak,1,0.955,2.79,0.98
steal,1,0.98,2.94,0.98
steam,1,0.785,2.01,0.9
stean,0,0.123,0.23,0.17
stech,0,0.108,0.2,0.15
steed,1,0.598,1.28,0.77
steek,0,0.452,1.3,0.47
steel,1,0.965,2.85,0.98
steen,0,0.282,0.67,0.34
steep,1,0.928,2.66,0.97
steer,1,0.918,2.63,0.96
steid,0,0.088,0.17,0.12
stein,1,0.598,1.7,0.63
stela,0,0.235,0.6,0.27
stele,0,0.157,0.37,0.19
stell,0,0.443,1.04,0.54
stema,0,0.158,0.53,0.14
stend,0,0.36,1.02,0.38
steng,0,0.127,0.28,0.16
steno,0,0.39,1.14,0.4
stent,0,0.468,1.25,0.52
stept,0,0.182,0.4,0.23
stere,0,0.442,1.09,0.52
steri,0,0.277,0.67,0.33
sterk,0,0.192,0.49,0.22
stern,1,0.795,2.01,0.92
stero,0,0.245,0.63,0.28
stert,0,0.143,0.35,0.17
stewy,0,0.377,0.97,0.43
stich,0,0.9,2.52,0.96
stick,1,0.995,3.0,0.99
stife,0,0.368,0.86,0.45
stiff,1,0.97,2.91,0.97
stile,0,0.627,1.57,0.73
still,1,0.988,2.99,0.98
stilt,1,0.72,1.77,0.85
stime,0,0.182,0.4,0.23
stimy,0,0.19,0.45,0.23
stine,0,0.182,0.37,0.24
sting,1,0.91,2.55,0.97
stink,1,0.983,2.96,0.98
stint,1,0.633,1.7,0.7
stion,0,0.185,0.54,0.19
stipe,0,0.172,0.46,0.19
stirk,0,0.152,0.37,0.18
stirp,0,0.552,1.39,0.64
stite,0,0.197,0.46,0.24
stith,0,0.267,0.67,0.31
stive,0,0.195,0.48,0.23
stivy,0,0.18,0.3,0.26
stoat,0,0.365,1.02,0.39
stock,1,0.975,2.91,0.98
stoep,0,0.075,0.15,0.1
stoff,0,0.195,0.48,0.23
stoga,0,0.107,0.22,0.14
stogy,0,0.428,1.1,0.49
stoic,1,0.642,1.72,0.71
stoke,1,0.838,2.24,0.93
stola,0,0.153,0.38,0.18
stole,1,0.952,2.8,0.97
stoma,0,0.25,0.69,0.27
stomp,1,0.885,2.4,0.97
stond,0,0.158,0.32,0.21
stone,1,0.993,2.99,0.99
stong,0,0.243,0.62,0.28
stony,1,0.873,2.36,0.96
stood,1,0.977,2.92,0.98
stoof,0,0.262,0.7,0.29
stook,0,0.237,0.49,0.31
stool,1,0.923,2.63,0.97
stoon,0,0.115,0.21,0.16
stoop,1,0.778,2.03,0.88
stoot,0,0.188,0.38,0.25
stopa,0,0.153,0.35,0.19
stope,0,0.215,0.45,0.28
store,1,0.99,3.0,0.98
stork,1,0.812,2.02,0.95
storm,1,0.983,2.93,0.99
story,1,0.995,3.0,0.99
stosh,0,0.137,0.28,0.18
stoss,0,0.107,0.22,0.14
stoun,0,0.178,0.38,0.23
stoup,0,0.398,1.13,0.42
stour,0,0.205,0.45,0.26
stout,1,0.802,1.99,0.94
stove,1,0.987,2.98,0.98
strad,0,0.21,0.48,0.26
strae,0,0.108,0.2,0.15
strag,0,0.398,0.86,0.51
stram,0,0.223,0.53,0.27
strap,1,0.935,2.7,0.97
straw,1,0.967,2.86,0.98
stray,1,0.808,2.09,0.92
stree,0,0.277,0.7,0.32
stret,0,0.52,1.5,0.54
strew,0,0.723,1.88,0.82
strey,0,0.135,0.24,0.19
stria,0,0.333,1.01,0.33
strid,0,0.245,0.66,0.27
strig,0,0.13,0.24,0.18
strip,1,0.97,2.88,0.98
strit,0,0.202,0.52,0.23
strix,0,0.203,0.47,0.25
strom,0,0.412,1.12,0.45
strop,0,0.277,0.7,0.32
strow,0,0.49,1.2,0.58
stroy,0,0.473,1.19,0.55
strub,0,0.093,0.17,0.13
strue,0,0.285,0.6,0.37
strum,0,0.753,1.94,0.86
strut,1,0.767,1.96,0.88
struv,0,0.098,0.17,0.14
stubb,0,0.577,1.42,0.68
stuck,1,0.988,2.99,0.98
stude,0,0.2,0.39,0.27
study,1,0.995,3.0,0.99
stuff,1,0.988,2.99,0.98
stull,0,0.187,0.49,0.21
stulm,0,0.077,0.13,0.11
stump,1,0.858,2.27,0.96
stung,1,0.89,2.46,0.96
stunk,1,0.952,2.8,0.97
stunt,1,0.865,2.31,0.96
stupa,0,0.265,0.84,0.25
stupe,0,0.17,0.36,0.22
stupp,0,0.212,0.52,0.25
sturk,0,0.148,0.29,0.2
sturt,0,0.402,1.12,0.43
stuss,0,0.26,0.66,0.3
styan,0,0.123,0.23,0.17
styca,0,0.088,0.17,0.12
style,1,0.982,2.95,0.98
stylo,0,0.495,1.38,0.53
suade,0,0.267,0.73,0.29
suant,0,0.09,0.21,0.11
suave,1,0.31,0.81,0.35
subah,0,0.115,0.21,0.16
suber,0,0.15,0.33,0.19
succi,0,0.157,0.34,0.2
sucre,0,0.315,0.81,0.36
suddy,0,0.247,0.52,0.32
sudsy,0,0.77,1.98,0.88
suede,0,0.762,1.96,0.87
suety,0,0.402,1.06,0.45
sugan,0,0.075,0.12,0.11
sugar,1,0.995,3.0,0.99
suine,0,0.143,0.29,0.19
suing,1,0.84,2.19,0.95
suint,0,0.147,0.34,0.18
suist,0,0.108,0.23,0.14
suite,1,0.85,2.25,0.95
suity,0,0.82,2.16,0.92
sulea,0,0.085,0.15,0.12
sulfa,0,0.438,1.13,0.5
sulka,0,0.068,0.11,0.1
sulky,1,0.728,1.7,0.89
sulla,0,0.29,0.75,0.33
sully,1,0.673,1.64,0.8
sumac,1,0.337,1.03,0.33
sumph,0,0.158,0.32,0.21
sunny,1,0.988,2.99,0.98
sunup,0,0.713,1.82,0.82
super,1,0.97,2.88,0.98
surah,0,0.25,0.84,0.22
sural,0,0.178,0.41,0.22
surat,0,0.53,1.59,0.53
surer,1,0.713,1.85,0.81
sures,0,0.345,1.08,0.33
surfy,0,0.85,2.31,0.93
surge,1,0.832,2.2,0.93
surgy,0,0.85,2.22,0.96
surly,1,0.662,1.69,0.76
surma,0,0.098,0.2,0.13
surra,0,0.09,0.15,0.13
sushi,1,0.837,2.17,0.95
sutor,0,0.1,0.18,0.14
sutra,0,0.275,0.84,0.27
swack,0,0.218,0.5,0.27
swage,0,0.177,0.4,0.22
swain,0,0.45,1.11,0.53
swale,0,0.262,0.67,0.3
swami,1,0.487,1.3,0.54
swamp,1,0.838,2.15,0.96
swang,0,0.712,1.84,0.81
swank,0,0.71,1.83,0.81
swape,0,0.605,1.53,0.7
sward,0,0.46,1.02,0.58
sware,0,0.245,0.54,0.31
swarf,0,0.092,0.1,0.15
swarm,1,0.813,2.09,0.93
swart,0,0.145,0.24,0.21
swash,1,0.505,1.26,0.59
swath,1,0.382,1.09,0.4
sweal,0,0.232,0.52,0.29
swear,1,0.98,2.94,0.98
sweat,1,0.988,2.99,0.98
sweep,1,0.968,2.9,0.97
sweer,0,0.347,0.67,0.47
sweet,1,0.995,3.0,0.99
swego,0,0.072,0.1,0.11
swell,1,0.888,2.45,0.96
swelp,0,0.122,0.22,0.17
swelt,0,0.57,1.62,0.6
swept,1,0.912,2.59,0.96
swerd,0,0.207,0.37,0.29
swick,0,0.152,0.28,0.21
swift,1,0.787,2.02,0.9
swile,0,0.192,0.43,0.24
swill,1,0.607,1.54,0.7
swimy,0,0.642,1.69,0.72
swine,1,0.765,1.8,0.93
swing,1,0.973,2.9,0.98
swink,0,0.353,0.95,0.39
swipe,0,0.94,2.76,0.96
swipy,0,0.205,0.6,0.21
swird,0,0.092,0.16,0.13
swire,0,0.365,1.08,0.37
swirl,1,0.848,2.24,0.95
swish,1,0.795,2.04,0.91
swiss,0,0.88,2.37,0.97
swith,0,0.45,1.17,0.51
swoon,1,0.737,1.84,0.86
swoop,1,0.747,1.93,0.85
sword,1,0.843,2.12,0.98
swore,1,0.898,2.48,0.97
sworn,1,0.837,2.2,0.94
swosh,0,0.447,1.3,0.46
swung,1,0.885,2.46,0.95
swure,0,0.063,0.14,0.08
sycee,0,0.08,0.12,0.12
sylid,0,0.063,0.11,0.09
sylph,0,0.322,0.94,0.33
sylva,0,0.195,0.42,0.25
synch,0,0.592,1.48,0.69
synod,1,0.273,0.89,0.25
syrma,0,0.108,0.23,0.14
syrup,1,0.88,2.43,0.95
tabby,1,0.78,1.95,0.91
tabes,0,0.085,0.09,0.14
tabet,0,0.108,0.23,0.14
tabic,0,0.122,0.25,0.16
tabid,0,0.085,0.15,0.12
tabla,0,0.348,0.95,0.38
table,1,0.995,3.0,0.99
tabog,0,0.065,0.12,0.09
taboo,1,0.872,2.38,0.95
tabor,0,0.247,0.67,0.27
tabut,0,0.21,0.6,0.22
tache,0,0.15,0.36,0.18
tacit,1,0.488,1.34,0.53
tacky,1,0.845,2.25,0.94
tacso,0,0.298,0.92,0.29
taffy,1,0.787,1.96,0.92
tafia,0,0.097,0.22,0.12
taggy,0,0.52,1.59,0.51
tagua,0,0.095,0.24,0.11
tahil,0,0.095,0.18,0.13
tahin,0,0.328,1.13,0.28
tahua,0,0.092,0.16,0.13
taich,0,0.13,0.33,0.15
taiga,0,0.385,1.11,0.4
taily,0,0.138,0.26,0.19
taint,1,0.752,1.87,0.88
taipo,0,0.233,0.65,0.25
tairn,0,0.135,0.3,0.17
taise,0,0.148,0.38,0.17
takar,0,0.105,0.21,0.14
taken,1,0.992,2.98,0.99
taker,1,0.873,2.45,0.93
takin,0,0.267,0.61,0.33
takyr,0,0.053,0.08,0.08
talak,0,0.098,0.2,0.13
talao,0,0.085,0.15,0.12
talar,0,0.155,0.3,0.21
taled,0,0.258,0.74,0.27
taler,0,0.257,0.46,0.36
tales,0,0.943,2.72,0.98
talis,0,0.222,0.58,0.25
talky,0,0.723,1.94,0.8
tally,1,0.833,2.18,0.94
talma,0,0.12,0.21,0.17
talon,1,0.732,1.78,0.87
taluk,0,0.067,0.1,0.1
talus,0,0.267,0.61,0.33
tamas,0,0.103,0.2,0.14
tambo,0,0.258,0.77,0.26
tamer,1,0.778,1.97,0.9
tamis,0,0.12,0.24,0.16
tammy,0,0.785,1.98,0.91
tanak,0,0.16,0.36,0.2
tanan,0,0.133,0.32,0.16
tanga,0,0.48,1.47,0.47
tangi,0,0.232,0.64,0.25
tango,1,0.807,2.05,0.93
tangs,0,0.647,1.78,0.7
tangy,1,0.817,2.14,0.92
tanha,0,0.09,0.15,0.13
tania,0,0.432,1.06,0.51
tanka,0,0.222,0.76,0.19
tanoa,0,0.095,0.15,0.14
tansy,0,0.287,0.79,0.31
tanti,0,0.195,0.51,0.22
tanzy,0,0.152,0.31,0.2
tapas,0,0.567,1.57,0.61
tapen,0,0.552,1.51,0.6
taper,1,0.8,2.04,0.92
tapet,0,0.31,0.57,0.43
tapia,0,0.14,0.36,0.16
tapir,1,0.397,1.0,0.46
tapis,0,0.247,0.64,0.28
tapoa,0,0.1,0.18,0.14
tappa,0,0.245,0.63,0.28
tapul,0,0.107,0.22,0.14
taqua,0,0.227,0.58,0.26
taraf,0,0.065,0.09,0.1
tarau,0,0.103,0.26,0.12
tardy,1,0.837,2.23,0.93
tarea,0,0.275,0.72,0.31
tarfa,0,0.08,0.15,0.11
targe,0,0.457,0.94,0.6
tarie,0,0.145,0.33,0.18
tarin,0,0.19,0.51,0.21
taroc,0,0.5,1.23,0.59
tarok,0,0.257,0.7,0.28
tarot,1,0.625,1.44,0.77
tarri,0,0.238,0.5,0.31
tarry,0,0.515,1.29,0.6
tarse,0,0.195,0.45,0.24
tarsi,0,0.18,0.42,0.22
tarve,0,0.14,0.39,0.15
tasco,0,0.105,0.18,0.15
tasse,0,0.303,0.83,0.33
taste,1,0.995,3.0,0.99
tasty,1,0.98,2.94,0.98
tater,0,0.762,1.99,0.86
tatie,0,0.318,0.74,0.39
tatou,0,0.18,0.36,0.24
tatta,0,0.155,0.36,0.19
tatty,1,0.593,1.49,0.69
taula,0,0.123,0.26,0.16
taunt,1,0.757,1.93,0.87
taupe,0,0.558,1.46,0.63
taupo,0,0.197,0.52,0.22
taver,0,0.3,0.63,0.39
tawer,0,0.208,0.47,0.26
tawie,0,0.123,0.29,0.15
tawny,1,0.648,1.55,0.78
tawpi,0,0.078,0.17,0.1
tawse,0,0.102,0.13,0.16
taxed,0,0.937,2.71,0.97
taxer,0,0.35,0.78,0.44
taxis,0,0.96,2.85,0.97
taxon,0,0.14,0.33,0.17
taxor,0,0.175,0.36,0.23
tayer,0,0.275,0.54,0.37
tayir,0,0.068,0.11,0.1
tayra,0,0.13,0.33,0.15
tazia,0,0.09,0.18,0.12
tchai,0,0.29,0.87,0.29
teach,1,0.995,3.0,0.99
teaer,0,0.173,0.41,0.21
teaey,0,0.083,0.2,0.1
teart,0,0.243,0.5,0.32
teary,1,0.868,2.36,0.95
tease,1,0.927,2.65,0.97
teasy,0,0.202,0.49,0.24
teaty,0,0.187,0.4,0.24
teave,0,0.147,0.43,0.15
teaze,0,0.28,0.54,0.38
techy,0,0.567,1.63,0.59
tecon,0,0.062,0.07,0.1
tecum,0,0.163,0.35,0.21
teddy,1,0.88,2.37,0.97
tedge,0,0.35,0.9,0.4
teems,0,0.635,1.62,0.73
teens,0,0.97,2.88,0.98
teeny,0,0.783,1.97,0.91
teest,0,0.207,0.52,0.24
teeth,1,0.993,2.99,0.99
teety,0,0.143,0.32,0.18
tegua,0,0.097,0.25,0.11
teind,0,0.092,0.16,0.13
tejon,0,0.185,0.57,0.18
tekke,0,0.073,0.14,0.1
tekya,0,0.068,0.11,0.1
telar,0,0.09,0.15,0.13
telic,0,0.145,0.33,0.18
tellt,0,0.198,0.47,0.24
telyn,0,0.118,0.23,0.16
teman,0,0.232,0.76,0.21
tembe,0,0.11,0.3,0.12
temin,0,0.128,0.29,0.16
tempi,0,0.502,1.33,0.56
tempo,1,0.788,2.09,0.88
tempt,0,0.907,2.53,0.97
temse,0,0.205,0.72,0.17
tenai,0,0.078,0.14,0.11
tench,0,0.305,0.81,0.34
tenet,1,0.573,1.52,0.64
tengu,0,0.082,0.22,0.09
tenio,0,0.105,0.21,0.14
tenne,0,0.227,0.49,0.29
tenon,0,0.223,0.56,0.26
tenor,1,0.665,1.62,0.79
tense,1,0.95,2.76,0.98
tenth,1,0.9,2.49,0.97
tenty,0,0.982,2.92,0.99
tepal,0,0.142,0.28,0.19
tepee,1,0.643,1.55,0.77
tepid,1,0.625,1.59,0.72
tepor,0,0.148,0.38,0.17
terap,0,0.127,0.31,0.15
teras,0,0.242,0.61,0.28
terek,0,0.092,0.16,0.13
tereu,0,0.087,0.22,0.1
terma,0,0.32,0.87,0.35
terna,0,0.24,0.63,0.27
terne,0,0.19,0.48,0.22
terra,1,0.602,1.6,0.67
terry,0,0.838,2.15,0.96
terse,1,0.61,1.59,0.69
terzo,0,0.132,0.28,0.17
testa,0,0.213,0.53,0.25
teste,0,0.512,1.51,0.52
testy,1,0.713,1.79,0.83
tetch,0,0.108,0.23,0.14
tetel,0,0.09,0.18,0.12
tetra,0,0.453,1.25,0.49
tewel,0,0.197,0.55,0.21
tewer,0,0.15,0.36,0.18
tewit,0,0.107,0.16,0.16
tewly,0,0.098,0.2,0.13
thack,0,0.393,1.04,0.44
thana,0,0.273,0.71,0.31
thane,0,0.202,0.55,0.22
thank,1,0.988,2.96,0.99
tharf,0,0.09,0.18,0.12
tharm,0,0.115,0.24,0.15
thatn,0,0.123,0.35,0.13
thats,0,0.867,2.56,0.88
thave,0,0.117,0.25,0.15
thawn,0,0.16,0.33,0.21
thawy,0,0.227,0.49,0.29
theah,0,0.093,0.2,0.12
theat,0,0.305,0.75,0.36
theca,0,0.107,0.19,0.15
theek,0,0.123,0.29,0.15
theer,0,0.112,0.22,0.15
theet,0,0.14,0.27,0.19
theft,1,0.888,2.39,0.98
thegn,0,0.067,0.07,0.11
their,1,0.988,2.99,0.98
thema,0,0.667,1.69,0.77
theme,1,0.917,2.59,0.97
theow,0,0.083,0.11,0.13
there,1,0.993,2.99,0.99
therm,0,0.387,1.06,0.42
these,1,0.993,2.99,0.99
theta,1,0.523,1.22,0.64
thewy,0,0.108,0.17,0.16
thick,1,0.988,2.99,0.98
thief,1,0.928,2.63,0.98
thigh,1,0.883,2.42,0.96
thilk,0,0.098,0.14,0.15
thill,0,0.21,0.54,0.24
thine,0,0.488,1.04,0.63
thing,1,0.992,2.98,0.99
think,1,0.995,3.0,0.99
thiol,0,0.09,0.15,0.13
third,1,0.963,2.84,0.98
thirl,0,0.27,0.48,0.38
thirt,0,0.187,0.43,0.23
thisn,0,0.123,0.29,0.15
thoft,0,0.122,0.28,0.15
thoke,0,0.092,0.22,0.11
thole,0,0.392,0.94,0.47
tholi,0,0.082,0.16,0.11
thone,0,0.152,0.28,0.21
thong,1,0.807,2.08,0.92
thoom,0,0.285,0.78,0.31
thore,0,0.198,0.5,0.23
thorn,1,0.827,2.11,0.95
thoro,0,0.225,0.48,0.29
thorp,0,0.402,1.12,0.43
thort,0,0.147,0.28,0.2
those,1,0.987,2.98,0.98
thowt,0,0.103,0.2,0.14
thram,0,0.098,0.2,0.13
thrap,0,0.168,0.44,0.19
thraw,0,0.403,1.07,0.45
three,1,0.992,2.98,0.99
threw,1,0.975,2.91,0.98
thrip,0,0.242,0.55,0.3
throb,1,0.79,2.07,0.89
throe,0,0.828,2.27,0.9
throu,0,0.67,1.89,0.71
throw,1,0.988,2.99,0.98
thrum,1,0.422,1.18,0.45
thruv,0,0.157,0.37,0.19
thulr,0,0.048,0.11,0.06
thumb,1,0.985,2.97,0.98
thump,1,0.923,2.66,0.96
thung,0,0.282,0.94,0.25
thuoc,0,0.083,0.23,0.09
thurl,0,0.208,0.47,0.26
thurm,0,0.103,0.17,0.15
thurt,0,0.317,0.64,0.42
thyme,1,0.753,1.94,0.86
thymy,0,0.242,0.52,0.31
tiang,0,0.112,0.25,0.14
tiara,1,0.65,1.5,0.8
tibby,0,0.305,0.78,0.35
tibet,0,0.778,1.91,0.92
tibey,0,0.098,0.17,0.14
tibia,1,0.328,0.92,0.35
tical,0,0.192,0.43,0.24
ticca,0,0.187,0.43,0.23
ticer,0,0.2,0.51,0.23
ticky,0,0.3,0.84,0.32
ticul,0,0.128,0.26,0.17
tidal,1,0.812,2.08,0.93
tiddy,0,0.593,1.61,0.65
tided,0,0.692,1.69,0.82
tiffy,0,0.6,1.41,0.73
tiger,1,0.918,2.54,0.99
tight,1,0.988,2.99,0.98
tikka,0,0.455,1.41,0.44
tikor,0,0.082,0.19,0.1
tikur,0,0.073,0.14,0.1
tilde,1,0.585,1.41,0.7
tiled,0,0.813,2.15,0.91
tiler,0,0.608,1.52,0.71
tilly,0,0.642,1.48,0.79
tilth,0,0.202,0.64,0.19
tilty,0,0.853,2.36,0.92
timar,0,0.058,0.08,0.09
timbe,0,0.183,0.44,0.22
timbo,0,0.203,0.5,0.24
timed,0,0.927,2.65,0.97
timer,1,0.977,2.92,0.98
times,0,0.987,2.98,0.98
timid,1,0.743,1.88,0.86
timon,0,0.433,1.16,0.48
timor,0,0.328,0.98,0.33
tinct,0,0.202,0.4,0.27
tinea,0,0.173,0.44,0.2
tined,0,0.448,1.22,0.49
tinge,0,0.685,1.71,0.8
tingi,0,0.122,0.34,0.13
tinny,0,0.768,1.94,0.89
tinta,0,0.25,0.72,0.26
tinty,0,0.423,1.1,0.48
tiple,0,0.3,0.66,0.38
tippy,0,0.58,1.56,0.64
tipsy,1,0.818,2.09,0.94
tipup,0,0.158,0.35,0.2
tired,0,0.995,3.0,0.99
tirer,0,0.873,2.42,0.94
tirma,0,0.073,0.14,0.1
tirve,0,0.095,0.24,0.11
tisar,0,0.083,0.17,0.11
titan,1,0.73,1.8,0.86
titar,0,0.137,0.31,0.17
titer,0,0.328,0.8,0.39
tithe,1,0.532,1.36,0.61
title,1,0.977,2.92,0.98
titre,0,0.433,1.37,0.41
titty,0,0.823,2.15,0.93
tiver,0,0.177,0.43,0.21
tizzy,0,0.46,1.2,0.52
tlaco,0,0.067,0.13,0.09
tmema,0,0.032,0.04,0.05
toady,0,0.747,1.81,0.89
toast,1,0.992,2.98,0.99
today,1,0.995,3.0,0.99
toddy,1,0.637,1.51,0.77
toffy,0,0.817,2.05,0.95
togue,0,0.52,1.23,0.63
toher,0,0.113,0.26,0.14
toise,0,0.077,0.07,0.13
toity,0,0.088,0.2,0.11
tokay,0,0.415,1.08,0.47
token,1,0.867,2.32,0.96
tolan,0,0.202,0.43,0.26
toldo,0,0.122,0.22,0.17
tolly,0,0.567,1.48,0.64
tolyl,0,0.082,0.07,0.14
toman,0,0.152,0.4,0.17
tombe,0,0.208,0.56,0.23
tomin,0,0.128,0.29,0.16
tommy,0,0.852,2.29,0.94
tonal,1,0.592,1.48,0.69
toned,0,0.897,2.53,0.95
toner,0,0.788,2.03,0.9
tonga,1,0.458,1.16,0.53
tongs,0,0.872,2.41,0.94
tonic,1,0.782,1.96,0.91
tonus,0,0.403,1.13,0.43
toosh,0,0.335,0.87,0.38
tooth,1,0.993,2.99,0.99
topaz,1,0.602,1.33,0.76
topee,0,0.362,0.91,0.42
toper,0,0.317,0.76,0.38
topia,0,0.29,0.75,0.33
topic,1,0.975,2.91,0.98
toppy,0,0.527,1.36,0.6
topsl,0,0.122,0.25,0.16
toque,0,0.39,1.11,0.41
torah,0,0.555,1.35,0.66
toral,0,0.215,0.57,0.24
toran,0,0.098,0.17,0.14
torch,1,0.843,2.15,0.97
tored,0,0.138,0.35,0.16
toric,0,0.408,1.07,0.46
torii,0,0.265,0.87,0.24
torma,0,0.132,0.31,0.16
torse,0,0.255,0.75,0.26
torsk,0,0.108,0.23,0.14
torso,1,0.762,1.84,0.91
torta,0,0.413,1.28,0.4
torus,1,0.352,1.0,0.37
torve,0,0.098,0.23,0.12
toshy,0,0.298,0.83,0.32
tossy,0,0.573,1.46,0.66
total,1,0.988,2.99,0.98
totem,1,0.733,1.82,0.86
toter,0,0.557,1.48,0.62
totty,0,0.308,0.74,0.37
totum,0,0.098,0.17,0.14
touch,1,0.995,3.0,0.99
tough,1,0.987,2.98,0.98
tould,0,0.295,0.69,0.36
tourn,0,0.492,1.39,0.52
touse,0,0.295,0.72,0.35
tousy,0,0.317,0.88,0.34
tovar,0,0.07,0.09,0.11
towai,0,0.075,0.15,0.1
towan,0,0.153,0.29,0.21
towel,1,0.988,2.99,0.98
tower,1,0.952,2.77,0.98
towny,0,0.27,0.63,0.33
toxic,1,0.912,2.56,0.97
toxin,1,0.81,2.07,0.93
toxon,0,0.115,0.21,0.16
toyer,0,0.217,0.46,0.28
toyon,0,0.157,0.43,0.17
tozee,0,0.112,0.19,0.16
tozer,0,0.188,0.41,0.24
trace,1,0.91,2.55,0.97
track,1,0.985,2.97,0.98
tract,1,0.772,1.9,0.91
trade,1,0.987,2.98,0.98
trady,0,0.143,0.29,0.19
tragi,0,0.14,0.27,0.19
traik,0,0.288,0.62,0.37
trail,1,0.945,2.76,0.97
train,1,0.992,2.98,0.99
trait,1,0.83,2.16,0.94
trama,0,0.27,0.75,0.29
trame,0,0.118,0.26,0.15
tramp,1,0.832,2.11,0.96
trank,0,0.277,0.73,0.31
trant,0,0.187,0.43,0.23
traps,0,0.928,2.66,0.97
trash,1,0.995,3.0,0.99
trass,0,0.165,0.39,0.2
trasy,0,0.077,0.13,0.11
trave,0,0.303,0.77,0.35
trawl,1,0.472,1.27,0.52
tread,1,0.893,2.51,0.95
treat,1,0.985,2.97,0.98
treed,0,0.592,1.33,0.74
treen,0,0.19,0.3,0.28
treey,0,0.267,0.55,0.35
trend,1,0.957,2.83,0.97
tress,0,0.593,1.46,0.7
trest,0,0.297,0.67,0.37
trews,0,0.415,1.26,0.41
triad,1,0.65,1.62,0.76
trial,1,0.948,2.75,0.98
tribe,1,0.852,2.2,0.97
trica,0,0.178,0.44,0.21
trice,1,0.59,1.47,0.69
trick,1,0.985,2.97,0.98
tried,1,0.983,2.96,0.98
trier,0,0.48,1.41,0.49
trifa,0,0.182,0.43,0.22
trike,0,0.792,2.02,0.91
trill,0,0.652,1.6,0.77
trine,0,0.292,0.7,0.35
trink,0,0.34,0.93,0.37
trior,0,0.148,0.29,0.2
tripe,1,0.567,1.33,0.69
tripy,0,0.248,0.56,0.31
trist,0,0.218,0.5,0.27
trite,1,0.682,1.72,0.79
troat,0,0.193,0.41,0.25
troca,0,0.14,0.36,0.16
trock,0,0.185,0.54,0.19
troco,0,0.143,0.38,0.16
trode,0,0.258,0.59,0.32
troft,0,0.082,0.19,0.1
trogs,0,0.27,0.72,0.3
troke,0,0.502,1.21,0.6
troll,1,0.873,2.33,0.97
tromp,0,0.432,1.15,0.48
trona,0,0.218,0.59,0.24
tronc,0,0.212,0.67,0.2
trone,0,0.477,1.45,0.47
troop,1,0.857,2.26,0.96
troot,0,0.16,0.33,0.21
trope,1,0.58,1.5,0.66
troth,0,0.493,1.19,0.59
trout,1,0.818,2.03,0.96
trove,1,0.623,1.55,0.73
trubu,0,0.057,0.1,0.08
truce,1,0.803,2.0,0.94
truck,1,0.987,2.98,0.98
truer,1,0.678,1.79,0.76
truff,0,0.445,1.11,0.52
trull,0,0.187,0.43,0.23
truly,1,0.96,2.82,0.98
trump,1,0.893,2.48,0.96
trunk,1,0.953,2.78,0.98
trush,0,0.325,0.81,0.38
truss,1,0.642,1.57,0.76
trust,1,0.993,2.99,0.99
truth,1,0.99,2.97,0.99
tryma,0,0.127,0.31,0.15
trypa,0,0.107,0.19,0.15
tryst,1,0.457,1.15,0.53
tsere,0,0.058,0.08,0.09
tsine,0,0.09,0.15,0.13
tsuba,0,0.062,0.07,0.1
tsubo,0,0.055,0.06,0.09
tuarn,0,0.112,0.25,0.14
tuart,0,0.12,0.27,0.15
tuath,0,0.045,0.03,0.08
tubae,0,0.147,0.22,0.22
tubal,1,0.343,0.95,0.37
tubar,0,0.238,0.53,0.3
tubba,0,0.183,0.47,0.21
tubby,0,0.743,1.82,0.88
tuber,1,0.658,1.73,0.74
tubig,0,0.09,0.21,0.11
tubik,0,0.078,0.17,0.1
tucky,0,0.42,1.14,0.46
tucum,0,0.13,0.27,0.17
tudel,0,0.148,0.35,0.18
tufan,0,0.1,0.24,0.12
tufty,0,0.61,1.56,0.7
tugui,0,0.078,0.17,0.1
tuism,0,0.152,0.34,0.19
tukra,0,0.058,0.08,0.09
tulip,1,0.84,2.13,0.97
tulle,1,0.425,1.17,0.46
tulsi,0,0.188,0.5,0.21
tumid,0,0.175,0.51,0.18
tummy,0,0.843,2.18,0.96
tumor,1,0.818,2.06,0.95
tunca,0,0.067,0.1,0.1
tuned,0,0.928,2.69,0.96
tuner,0,0.81,2.1,0.92
tungo,0,0.15,0.39,0.17
tunic,1,0.672,1.66,0.79
tunna,0,0.808,2.27,0.86
tunny,0,0.613,1.49,0.73
tupek,0,0.1,0.27,0.11
tupik,0,0.072,0.13,0.1
tuque,0,0.198,0.56,0.21
turbo,1,0.862,2.35,0.94
turco,0,0.257,0.58,0.32
turfy,0,0.507,1.18,0.62
turgy,0,0.097,0.16,0.14
turio,0,0.107,0.22,0.14
turma,0,0.103,0.17,0.15
turns,0,0.987,2.98,0.98
turps,0,0.392,0.97,0.46
turse,0,0.123,0.26,0.16
turus,0,0.07,0.09,0.11
tusky,0,0.508,1.31,0.58
tutee,0,0.673,1.73,0.77
tutin,0,0.14,0.33,0.17
tutly,0,0.117,0.16,0.18
tutor,1,0.908,2.54,0.97
tutti,0,0.265,0.66,0.31
tutty,0,0.443,1.1,0.52
twain,0,0.51,0.99,0.69
twale,0,0.19,0.39,0.25
twalt,0,0.068,0.11,0.1
twang,1,0.74,1.86,0.86
twank,0,0.18,0.42,0.22
twant,0,0.102,0.16,0.15
tweag,0,0.082,0.22,0.09
tweak,1,0.852,2.32,0.93
tweed,1,0.745,1.83,0.88
tweeg,0,0.082,0.16,0.11
tweel,0,0.137,0.22,0.2
tween,0,0.675,1.8,0.75
tweet,1,0.947,2.77,0.97
tweil,0,0.137,0.37,0.15
twere,0,0.208,0.26,0.33
twerp,0,0.553,1.4,0.64
twice,1,0.978,2.93,0.98
twick,0,0.362,0.91,0.42
twill,0,0.46,1.32,0.48
twilt,0,0.478,1.25,0.54
twine,1,0.81,2.01,0.95
twink,0,0.685,1.71,0.8
twiny,0,0.692,1.72,0.81
twire,0,0.41,0.99,0.49
twirk,0,0.585,1.59,0.64
twirl,1,0.84,2.19,0.95
twist,1,0.98,2.94,0.98
twite,0,0.275,0.57,0.36
twixt,1,0.383,0.92,0.46
tydie,0,0.102,0.22,0.13
tying,1,0.962,2.86,0.97
tyken,0,0.095,0.18,0.13
tylus,0,0.105,0.21,0.14
typal,0,0.145,0.24,0.21
typer,0,0.855,2.31,0.94
typic,0,0.16,0.33,0.21
tyste,0,0.108,0.23,0.14
uayeb,0,0.032,0.04,0.05
uckia,0,0.113,0.26,0.14
udasi,0,0.048,0.05,0.08
udder,1,0.763,1.85,0.91
udell,0,0.097,0.1,0.16
uhlan,0,0.103,0.23,0.13
uhllo,0,0.142,0.31,0.18
uinal,0,0.072,0.1,0.11
ukase,0,0.197,0.61,0.19
ulcer,1,0.772,1.99,0.88
ulema,0,0.197,0.76,0.14
uller,0,0.292,0.7,0.35
ulmic,0,0.063,0.08,0.1
ulmin,0,0.055,0.06,0.09
ulnad,0,0.085,0.15,0.12
ulnae,0,0.062,0.01,0.12
ulnar,0,0.27,0.75,0.29
uloid,0,0.063,0.08,0.1
ultra,1,0.847,2.26,0.94
uluhi,0,0.045,0.06,0.07
ululu,0,0.248,0.62,0.29
umbel,0,0.145,0.3,0.19
umber,0,0.498,1.31,0.56
umble,0,0.393,1.13,0.41
umbra,1,0.32,1.02,0.3
umiak,0,0.087,0.19,0.11
umiri,0,0.053,0.08,0.08
umpty,0,0.355,0.87,0.42
unact,0,0.105,0.21,0.14
unadd,0,0.083,0.17,0.11
unamo,0,0.11,0.24,0.14
unapt,0,0.057,0.13,0.07
unark,0,0.087,0.13,0.13
unarm,0,0.238,0.53,0.3
unary,0,0.265,0.66,0.31
unbag,0,0.553,1.58,0.58
unbar,0,0.502,1.45,0.52
unbay,0,0.255,0.72,0.27
unbed,0,0.19,0.39,0.25
unbet,0,0.2,0.48,0.24
unbid,0,0.147,0.31,0.19
unbit,0,0.105,0.21,0.14
unbog,0,0.177,0.37,0.23
unbow,0,0.21,0.57,0.23
unbox,0,0.782,2.17,0.84
unboy,0,0.165,0.36,0.21
unbud,0,0.18,0.42,0.22
uncap,0,0.372,1.12,0.37
uncia,0,0.183,0.41,0.23
uncle,1,0.987,2.95,0.99
uncoy,0,0.313,0.68,0.4
uncus,0,0.055,0.03,0.1
uncut,1,0.865,2.34,0.95
undam,0,0.175,0.42,0.21
unden,0,0.2,0.51,0.23
under,1,0.99,3.0,0.98
undid,1,0.773,1.97,0.89
undig,0,0.308,0.77,0.36
undim,0,0.127,0.28,0.16
undog,0,0.155,0.33,0.2
undon,0,0.303,0.68,0.38
undry,0,0.188,0.35,0.26
undub,0,0.197,0.52,0.22
undue,1,0.715,1.77,0.84
undug,0,0.142,0.4,0.15
undye,0,0.132,0.25,0.18
uneye,0,0.167,0.28,0.24
unfar,0,0.135,0.39,0.14
unfed,1,0.448,1.22,0.49
unfew,0,0.165,0.3,0.23
unfit,1,0.868,2.33,0.96
unfix,0,0.293,0.83,0.31
unfur,0,0.467,1.21,0.53
ungag,0,0.058,0.08,0.09
unget,0,0.138,0.32,0.17
ungka,0,0.063,0.11,0.09
ungod,0,0.213,0.47,0.27
ungot,0,0.102,0.16,0.15
ungum,0,0.058,0.11,0.08
unhad,0,0.203,0.5,0.24
unhap,0,0.197,0.46,0.24
unhat,0,0.248,0.62,0.29
unhex,0,0.088,0.11,0.14
unhid,0,0.277,0.7,0.32
unhit,0,0.275,0.66,0.33
unhot,0,0.408,1.01,0.48
uniat,0,0.057,0.07,0.09
unice,0,0.285,0.6,0.37
unify,1,0.775,1.98,0.89
uninn,0,0.098,0.2,0.13
union,1,0.938,2.72,0.97
unite,1,0.945,2.73,0.98
unity,1,0.86,2.25,0.97
unjam,0,0.628,1.73,0.68
unked,0,0.073,0.11,0.11
unken,0,0.12,0.27,0.15
unket,0,0.072,0.13,0.1
unkey,0,0.25,0.63,0.29
unkid,0,0.078,0.11,0.12
unkin,0,0.115,0.21,0.16
unlap,0,0.252,0.7,0.27
unlaw,0,0.202,0.34,0.29
unlay,0,0.323,0.92,0.34
unled,0,0.352,0.91,0.4
unlet,0,0.277,0.7,0.32
unlid,0,0.238,0.56,0.29
unlie,0,0.195,0.48,0.23
unlit,1,0.702,1.81,0.8
unmad,0,0.257,0.49,0.35
unman,0,0.382,1.0,0.43
unmet,1,0.692,1.81,0.78
unmew,0,0.09,0.15,0.13
unmix,0,0.352,0.91,0.4
unnew,0,0.145,0.33,0.18
unode,0,0.157,0.31,0.21
unoil,0,0.148,0.29,0.2
unold,0,0.143,0.29,0.19
unorn,0,0.09,0.15,0.13
unown,0,0.465,1.05,0.58
unpeg,0,0.293,0.89,0.29
unpen,0,0.262,0.67,0.3
unpin,0,0.662,1.87,0.7
unpot,0,0.388,1.04,0.43
unput,0,0.188,0.44,0.23
unram,0,0.228,0.65,0.24
unray,0,0.22,0.57,0.25
unred,0,0.132,0.31,0.16
unrid,0,0.083,0.2,0.1
unrig,0,0.248,0.68,0.27
unrip,0,0.357,0.97,0.39
unrow,0,0.167,0.58,0.14
unrun,0,0.298,0.86,0.31
unsad,0,0.183,0.44,0.22
unsay,0,0.288,0.71,0.34
unsee,0,0.228,0.5,0.29
unset,1,0.665,1.77,0.74
unsew,0,0.327,0.91,0.35
unsex,0,0.168,0.32,0.23
unshy,0,0.322,0.88,0.35
unsin,0,0.102,0.19,0.14
unsly,0,0.1,0.15,0.15
unson,0,0.137,0.31,0.17
unsty,0,0.16,0.3,0.22
unsun,0,0.127,0.25,0.17
untap,0,0.578,1.58,0.63
untar,0,0.122,0.34,0.13
untax,0,0.397,1.18,0.4
untie,1,0.878,2.42,0.95
until,1,0.978,2.93,0.98
untin,0,0.117,0.28,0.14
untop,0,0.135,0.33,0.16
unurn,0,0.087,0.19,0.11
unuse,0,0.167,0.37,0.21
unwan,0,0.078,0.17,0.1
unwax,0,0.325,0.84,0.37
unweb,0,0.117,0.28,0.14
unwed,1,0.595,1.41,0.72
unwet,0,0.137,0.28,0.18
unwig,0,0.337,0.88,0.38
unwon,0,0.65,1.68,0.74
unzen,0,0.092,0.16,0.13
unzip,1,0.765,1.92,0.89
uparm,0,0.078,0.17,0.1
upbar,0,0.272,0.73,0.3
upbay,0,0.15,0.36,0.18
upbid,0,0.32,0.81,0.37
upbuy,0,0.133,0.26,0.18
upcry,0,0.577,1.45,0.67
upcut,0,0.187,0.37,0.25
updry,0,0.097,0.19,0.13
upeat,0,0.095,0.24,0.11
upend,0,0.532,1.39,0.6
upfly,0,0.337,1.0,0.34
upget,0,0.137,0.22,0.2
upher,0,0.23,0.48,0.3
upjet,0,0.172,0.37,0.22
uplay,0,0.358,1.07,0.36
upleg,0,0.082,0.13,0.12
upmix,0,0.235,0.57,0.28
upper,1,0.982,2.95,0.98
uppop,0,0.127,0.25,0.17
uprid,0,0.082,0.16,0.11
uprip,0,0.072,0.16,0.09
uprun,0,0.073,0.14,0.1
upset,1,0.987,2.98,0.98
upsey,0,0.237,0.55,0.29
upsit,0,0.112,0.34,0.11
upsun,0,0.207,0.52,0.24
upsup,0,0.12,0.36,0.12
uptie,0,0.315,0.84,0.35
upwax,0,0.102,0.19,0.14
upway,0,0.188,0.41,0.24
urali,0,0.157,0.34,0.2
urare,0,0.092,0.22,0.11
urari,0,0.05,0.06,0.08
urase,0,0.088,0.2,0.11
urate,0,0.247,0.67,0.27
urban,1,0.913,2.57,0.97
urbic,0,0.09,0.12,0.14
urdee,0,0.118,0.23,0.16
ureal,0,0.105,0.15,0.16
uredo,0,0.05,0.06,0.08
ureic,0,0.062,0.07,0.1
ureid,0,0.07,0.09,0.11
urent,0,0.222,0.61,0.24
urger,0,0.647,1.72,0.72
urial,0,0.113,0.23,0.15
urine,1,0.898,2.48,0.97
urite,0,0.213,0.5,0.26
urlar,0,0.122,0.31,0.14
urled,0,0.6,1.89,0.57
urman,0,0.098,0.17,0.14
urnae,0,0.075,0.09,0.12
urnal,0,0.348,0.95,0.38
ursal,0,0.152,0.28,0.21
urson,0,0.125,0.24,0.17
ursuk,0,0.09,0.18,0.12
urubu,0,0.175,0.6,0.15
urucu,0,0.053,0.08,0.08
usage,1,0.87,2.37,0.95
usara,0,0.092,0.13,0.14
usent,0,0.147,0.4,0.16
usher,1,0.79,1.98,0.92
using,1,0.987,2.98,0.98
usnea,0,0.05,0.06,0.08
usnic,0,0.062,0.07,0.1
usque,0,0.06,0.06,0.1
uster,0,0.127,0.22,0.18
usual,1,0.982,2.95,0.98
usure,0,0.142,0.25,0.2
usurp,1,0.518,1.34,0.59
usury,0,0.297,1.0,0.26
utchy,0,0.317,0.64,0.42
utees,0,0.113,0.29,0.13
uteri,0,0.343,0.92,0.38
utick,0,0.125,0.27,0.16
utile,1,0.3,0.6,0.4
utrum,0,0.05,0.06,0.08
utsuk,0,0.037,0.04,0.06
utter,1,0.843,2.21,0.95
uvate,0,0.117,0.25,0.15
uveal,0,0.065,0.06,0.11
uviol,0,0.047,0.07,0.07
uvito,0,0.065,0.09,0.1
uvrou,0,0.057,0.13,0.07
uvula,0,0.345,0.99,0.36
uvver,0,0.08,0.15,0.11
uzara,0,0.052,0.07,0.08
vache,0,0.143,0.26,0.2
vacoa,0,0.078,0.11,0.12
vagal,0,0.18,0.36,0.24
vagas,0,0.145,0.3,0.19
vague,1,0.907,2.56,0.96
vagus,0,0.373,1.01,0.41
vaire,0,0.107,0.19,0.15
vairy,0,0.197,0.4,0.26
vajra,0,0.173,0.5,0.18
vakia,0,0.057,0.07,0.09
vakil,0,0.073,0.11,0.11
valet,1,0.772,1.99,0.88
valid,1,0.953,2.78,0.98
valor,1,0.737,1.78,0.88
valse,0,0.32,0.87,0.35
value,1,0.985,2.97,0.98
valva,0,0.108,0.2,0.15
valve,1,0.812,2.11,0.92
valyl,0,0.058,0.05,0.1
vaned,0,0.3,0.84,0.32
vapid,1,0.41,1.11,0.45
vapor,1,0.843,2.21,0.95
varan,0,0.248,0.8,0.23
vardy,0,0.355,0.9,0.41
varec,0,0.083,0.14,0.12
varix,0,0.132,0.31,0.16
varna,0,0.272,0.79,0.28
varus,0,0.127,0.25,0.17
varve,0,0.093,0.17,0.13
vasal,0,0.095,0.21,0.12
vasty,0,0.4,0.87,0.51
vatic,0,0.227,0.52,0.28
vaudy,0,0.123,0.23,0.17
vault,1,0.813,2.06,0.94
vaunt,1,0.422,1.12,0.47
vealy,0,0.313,0.62,0.42
vedro,0,0.105,0.24,0.13
veery,0,0.238,0.62,0.27
vegan,1,0.842,2.2,0.95
veily,0,0.145,0.33,0.18
veiny,0,0.642,1.69,0.72
velal,0,0.058,0.08,0.09
velar,0,0.277,0.61,0.35
veldt,0,0.277,0.85,0.27
velic,0,0.077,0.13,0.11
velte,0,0.062,0.07,0.1
velum,0,0.108,0.2,0.15
venal,0,0.343,1.1,0.32
venie,0,0.11,0.18,0.16
venin,0,0.368,0.95,0.42
venom,1,0.832,2.08,0.97
venue,1,0.805,2.04,0.93
verby,0,0.163,0.35,0.21
verek,0,0.068,0.11,0.1
verge,1,0.7,1.8,0.8
vergi,0,0.103,0.23,0.13
verre,0,0.185,0.48,0.21
verse,1,0.85,2.22,0.96
verso,1,0.37,1.05,0.39
verst,0,0.135,0.3,0.17
verve,1,0.568,1.52,0.63
vetch,0,0.272,0.73,0.3
veuve,0,0.175,0.45,0.2
vexed,0,0.67,1.62,0.8
vexer,0,0.113,0.23,0.15
vexil,0,0.085,0.15,0.12
viand,0,0.213,0.65,0.21
vibex,0,0.047,0.04,0.08
vibix,0,0.045,0.06,0.07
vicar,1,0.662,1.6,0.79
video,1,0.988,2.99,0.98
vidry,0,0.075,0.12,0.11
vidya,0,0.125,0.21,0.18
viewy,0,0.257,0.58,0.32
vifda,0,0.045,0.03,0.08
vigia,0,0.11,0.15,0.17
vigil,1,0.698,1.7,0.83
vigor,1,0.773,1.97,0.89
vijao,0,0.048,0.05,0.08
villa,1,0.727,1.78,0.86
ville,0,0.527,1.42,0.58
vimen,0,0.16,0.36,0.2
vinal,0,0.148,0.26,0.21
vinea,0,0.263,0.65,0.31
vined,0,0.297,0.67,0.37
viner,0,0.422,1.09,0.48
vinic,0,0.077,0.13,0.11
vinny,0,0.695,1.74,0.81
vinta,0,0.168,0.41,0.2
vinyl,1,0.795,1.98,0.93
viola,1,0.765,1.86,0.91
viper,1,0.728,1.76,0.87
viral,1,0.925,2.67,0.96
vireo,0,0.2,0.57,0.21
virga,0,0.115,0.21,0.16
virid,0,0.14,0.3,0.18
viron,0,0.205,0.42,0.27
virtu,0,0.168,0.32,0.23
virus,1,0.963,2.84,0.98
visie,0,0.225,0.66,0.23
visit,1,0.987,2.98,0.98
visne,0,0.073,0.11,0.11
vison,0,0.44,0.96,0.56
visor,1,0.782,1.96,0.91
vista,1,0.793,2.06,0.9
visto,0,0.195,0.39,0.26
vital,1,0.91,2.58,0.96
vitta,0,0.153,0.32,0.2
viuva,0,0.113,0.29,0.13
vivax,0,0.168,0.35,0.22
viver,0,0.195,0.42,0.25
vives,0,0.167,0.4,0.2
vivid,1,0.82,2.1,0.94
vixen,1,0.683,1.73,0.79
vocal,1,0.86,2.31,0.95
vodka,1,0.837,2.17,0.95
vogue,1,0.82,2.07,0.95
voice,1,0.988,2.99,0.98
voila,1,0.733,1.88,0.84
voile,0,0.368,1.13,0.36
volar,0,0.203,0.47,0.25
volet,0,0.305,1.05,0.26
volva,0,0.197,0.46,0.24
vomer,0,0.127,0.19,0.19
vomit,1,0.928,2.63,0.98
votal,0,0.085,0.12,0.13
voter,1,0.937,2.68,0.98
vouch,1,0.763,1.91,0.89
vouge,0,0.615,1.53,0.72
vowed,0,0.767,1.87,0.91
vowel,1,0.91,2.52,0.98
vower,0,0.278,0.53,0.38
vraic,0,0.05,0.03,0.09
vuggy,0,0.26,0.51,0.35
vulva,0,0.555,1.38,0.65
vying,1,0.577,1.48,0.66
waapa,0,0.053,0.05,0.09
wabby,0,0.11,0.21,0.15
wacke,0,0.712,1.87,0.8
wacky,1,0.8,2.04,0.92
waddy,0,0.342,0.91,0.38
wader,0,0.533,1.31,0.63
wadna,0,0.103,0.26,0.12
wafer,1,0.775,1.98,0.89
wafty,0,0.418,1.13,0.46
waged,0,0.81,2.1,0.92
wager,1,0.778,1.97,0.9
wages,0,0.962,2.86,0.97
waggy,0,0.575,1.59,0.62
wagon,1,0.81,1.98,0.96
wahoo,0,0.66,1.83,0.71
waily,0,0.108,0.2,0.15
waird,0,0.2,0.33,0.29
waise,0,0.27,0.54,0.36
waist,1,0.943,2.75,0.97
waive,1,0.69,1.77,0.79
wakan,0,0.117,0.22,0.16
waken,0,0.867,2.35,0.95
waker,0,0.762,1.99,0.86
wakes,0,0.925,2.7,0.95
wakif,0,0.062,0.1,0.09
wakon,0,0.07,0.09,0.11
waled,0,0.418,1.04,0.49
waler,0,0.335,0.84,0.39
wally,0,0.707,1.63,0.87
walsh,0,0.612,1.42,0.75
walth,0,0.175,0.39,0.22
waltz,1,0.8,1.98,0.94
wamel,0,0.112,0.28,0.13
wamus,0,0.085,0.12,0.13
wandy,0,0.425,0.93,0.54
waned,0,0.717,1.81,0.83
wanga,0,0.105,0.21,0.14
wanle,0,0.078,0.2,0.09
wanly,0,0.168,0.26,0.25
wanny,0,0.2,0.42,0.26
wanty,0,0.162,0.31,0.22
warch,0,0.302,0.55,0.42
warly,0,0.263,0.5,0.36
warnt,0,0.235,0.63,0.26
warse,0,0.13,0.24,0.18
warst,0,0.248,0.47,0.34
warth,0,0.438,0.95,0.56
warty,1,0.72,1.74,0.86
warve,0,0.145,0.27,0.2
wasel,0,0.073,0.14,0.1
washy,0,0.59,1.56,0.66
wasnt,0,0.775,2.07,0.86
waspy,0,0.422,1.12,0.47
waste,1,0.988,2.99,0.98
wasty,0,0.603,1.49,0.71
watap,0,0.11,0.21,0.15
watch,1,0.995,3.0,0.99
water,1,0.995,3.0,0.99
wauch,0,0.115,0.27,0.14
waugh,0,0.385,0.93,0.46
wauns,0,0.142,0.25,0.2
wauve,0,0.135,0.33,0.16
waved,0,0.943,2.78,0.96
waver,1,0.892,2.5,0.95
wavey,0,0.393,0.98,0.46
wawah,0,0.12,0.33,0.13
waxen,1,0.473,1.1,0.58
waxer,0,0.593,1.67,0.63
weaky,0,0.478,1.1,0.59
weald,0,0.252,0.73,0.26
weary,1,0.81,2.07,0.93
weave,1,0.888,2.48,0.95
webby,0,0.457,1.15,0.53
weber,0,0.46,1.23,0.51
wecht,0,0.108,0.2,0.15
wedge,1,0.885,2.4,0.97
wedgy,0,0.533,1.49,0.57
weeda,0,0.277,0.82,0.28
weedy,1,0.783,2.0,0.9
weeny,0,0.755,1.95,0.86
weeps,0,0.878,2.42,0.95
weepy,0,0.658,1.67,0.76
weesh,0,0.165,0.27,0.24
weeze,0,0.208,0.56,0.23
wefty,0,0.175,0.36,0.23
weigh,1,0.963,2.87,0.97
weird,1,0.97,2.88,0.98
weism,0,0.1,0.18,0.14
wekau,0,0.057,0.07,0.09
welch,1,0.653,1.64,0.76
welly,0,0.468,1.34,0.49
welsh,1,0.828,2.12,0.95
wench,0,0.527,1.15,0.67
wende,0,0.248,0.86,0.21
wenny,0,0.228,0.44,0.31
weste,0,0.33,0.63,0.45
westy,0,0.47,1.29,0.51
wetly,0,0.683,1.76,0.78
wevet,0,0.118,0.26,0.15
whack,1,0.85,2.28,0.94
whale,1,0.888,2.39,0.98
whalm,0,0.103,0.2,0.14
whalp,0,0.188,0.32,0.27
whaly,0,0.197,0.31,0.29
whame,0,0.418,1.13,0.46
whamp,0,0.458,1.28,0.49
whand,0,0.097,0.16,0.14
whang,0,0.508,1.52,0.51
whank,0,0.083,0.14,0.12
whare,0,0.202,0.43,0.26
wharf,1,0.652,1.63,0.76
wharl,0,0.612,1.42,0.75
wharp,0,0.39,0.81,0.51
whart,0,0.258,0.56,0.33
whase,0,0.11,0.21,0.15
whata,0,0.27,0.6,0.34
whats,0,0.94,2.76,0.96
whauk,0,0.097,0.19,0.13
whaup,0,0.102,0.22,0.13
whaur,0,0.082,0.19,0.1
wheal,0,0.365,0.93,0.42
wheam,0,0.1,0.15,0.15
wheat,1,0.935,2.67,0.98
wheel,1,0.995,3.0,0.99
wheem,0,0.133,0.23,0.19
wheen,0,0.167,0.28,0.24
wheep,0,0.315,0.9,0.33
wheer,0,0.168,0.32,0.23
wheft,0,0.148,0.35,0.18
whein,0,0.102,0.16,0.15
wheki,0,0.06,0.09,0.09
whelk,0,0.342,0.91,0.38
whelm,0,0.502,1.33,0.56
whelp,1,0.462,1.18,0.53
where,1,0.99,2.97,0.99
whewl,0,0.54,1.5,0.58
whewt,0,0.698,1.76,0.81
whiba,0,0.098,0.23,0.12
which,1,0.99,2.97,0.99
whick,0,0.295,0.6,0.39
whiff,1,0.703,1.82,0.8
whift,0,0.28,0.72,0.32
while,1,0.988,2.99,0.98
whilk,0,0.162,0.19,0.26
whill,0,0.478,1.4,0.49
whils,0,0.253,0.5,0.34
whine,1,0.953,2.81,0.97
whing,0,0.487,1.24,0.56
whiny,1,0.838,2.27,0.92
whipt,0,0.463,1.31,0.49
whirl,1,0.853,2.24,0.96
whish,0,0.772,1.9,0.91
whisk,1,0.83,2.19,0.93
whisp,0,0.875,2.4,0.95
whist,0,0.762,1.87,0.9
white,1,0.995,3.0,0.99
whits,0,0.402,0.97,0.48
whity,0,0.133,0.23,0.19
whole,1,0.988,2.99,0.98
whone,0,0.193,0.35,0.27
whoof,0,0.817,2.23,0.89
whoop,1,0.842,2.26,0.93
whore,0,0.817,2.02,0.96
whorl,0,0.682,1.69,0.8
whort,0,0.113,0.17,0.17
whose,1,0.953,2.78,0.98
whuff,0,0.275,0.87,0.26
whulk,0,0.238,0.53,0.3
whush,0,0.448,1.22,0.49
whute,0,0.18,0.45,0.21
wicht,0,0.187,0.55,0.19
wicky,0,0.348,0.8,0.43
widdy,0,0.237,0.55,0.29
widen,1,0.895,2.49,0.96
wider,1,0.963,2.87,0.97
widow,1,0.838,2.12,0.97
width,1,0.932,2.68,0.97
wield,1,0.725,1.86,0.83
wifie,0,0.355,1.2,0.31
wigan,0,0.27,0.69,0.31
wiggy,0,0.338,0.95,0.36
wight,1,0.352,0.7,0.47
wilga,0,0.088,0.14,0.13
willy,1,0.805,2.04,0.93
wimpy,1,0.775,1.92,0.91
wince,1,0.775,1.95,0.9
winch,1,0.637,1.57,0.75
windy,1,0.987,2.98,0.98
wined,0,0.687,1.75,0.79
winer,0,0.763,1.82,0.92
wingy,0,0.372,1.03,0.4
winly,0,0.107,0.16,0.16
winna,0,0.198,0.44,0.25
winze,0,0.082,0.07,0.14
wiper,0,0.867,2.44,0.92
wired,0,0.945,2.76,0.97
wirer,0,0.795,2.16,0.87
wirra,0,0.075,0.12,0.11
wisen,0,0.205,0.39,0.28
wiser,1,0.867,2.35,0.95
wisha,0,0.14,0.42,0.14
wisht,0,0.242,0.46,0.33
wispy,1,0.673,1.76,0.76
wisse,0,0.125,0.3,0.15
wiste,0,0.19,0.42,0.24
witan,0,0.053,0.05,0.09
witch,1,0.858,2.21,0.98
withe,0,0.725,1.83,0.84
withy,0,0.198,0.47,0.24
witty,1,0.877,2.38,0.96
wiver,0,0.215,0.45,0.28
wizen,0,0.328,0.77,0.4
wloka,0,0.062,0.1,0.09
woady,0,0.097,0.13,0.15
woald,0,0.167,0.37,0.21
wodge,0,0.185,0.42,0.23
wodgy,0,0.223,0.62,0.24
woibe,0,0.053,0.11,0.07
wokas,0,0.168,0.44,0.19
woken,1,0.82,2.34,0.86
woldy,0,0.102,0.19,0.14
wolve,0,0.332,0.76,0.41
woman,1,0.987,2.95,0.99
womby,0,0.13,0.27,0.17
women,1,0.987,2.95,0.99
wonga,0,0.25,0.54,0.32
wonky,0,0.61,1.77,0.63
wonna,0,0.912,2.68,0.93
woody,1,0.872,2.35,0.96
wooer,1,0.36,0.84,0.44
woofy,0,0.51,1.32,0.58
woold,0,0.36,0.66,0.5
wooly,1,0.848,2.21,0.96
woons,0,0.152,0.4,0.17
woosh,0,0.75,2.01,0.83
wootz,0,0.085,0.15,0.12
woozy,1,0.757,1.96,0.86
wordy,1,0.795,2.01,0.92
works,0,0.987,2.98,0.98
worky,0,0.175,0.48,0.19
world,1,0.993,2.99,0.99
wormy,0,0.748,1.85,0.88
worry,1,0.988,2.99,0.98
worse,1,0.988,2.99,0.98
worst,1,0.987,2.98,0.98
worth,1,0.985,2.97,0.98
wouch,0,0.123,0.32,0.14
wough,0,0.217,0.55,0.25
would,1,0.993,2.99,0.99
wound,1,0.927,2.71,0.95
woven,1,0.825,2.13,0.94
wrack,1,0.423,1.13,0.47
wramp,0,0.502,1.24,0.59
wrang,0,0.427,1.0,0.52
wrath,1,0.658,1.61,0.78
wrawl,0,0.177,0.34,0.24
wreak,1,0.698,1.82,0.79
wreat,0,0.257,0.52,0.34
wreck,1,0.912,2.56,0.97
wrest,1,0.767,1.96,0.88
wrick,0,0.367,0.97,0.41
wride,0,0.155,0.3,0.21
wried,0,0.523,1.46,0.56
wrier,0,0.197,0.34,0.28
wring,1,0.808,2.12,0.91
wrist,1,0.965,2.85,0.98
write,1,0.995,3.0,0.99
writh,0,0.487,1.27,0.55
wrive,0,0.17,0.33,0.23
wroke,0,0.497,1.36,0.54
wrong,1,0.995,3.0,0.99
wrote,1,0.977,2.92,0.98
wroth,0,0.403,0.98,0.48
wrung,1,0.75,1.89,0.87
wryly,1,0.497,1.33,0.55
wudge,0,0.167,0.46,0.18
wunna,0,0.098,0.23,0.12
wuzzy,0,0.197,0.43,0.25
wyson,0,0.082,0.16,0.11
wyver,0,0.225,0.63,0.24
xebec,0,0.09,0.12,0.14
xenia,0,0.135,0.3,0.17
xenon,0,0.423,1.13,0.47
xenyl,0,0.065,0.06,0.11
xeric,0,0.208,0.65,0.2
xoana,0,0.038,0.02,0.07
xurel,0,0.04,0.03,0.07
xylan,0,0.07,0.09,0.11
xylem,0,0.283,0.86,0.28
xylic,0,0.11,0.18,0.16
xylol,0,0.278,0.74,0.31
xylon,0,0.118,0.2,0.17
xylyl,0,0.058,0.05,0.1
xyrid,0,0.033,0.02,0.06
xysti,0,0.058,0.08,0.09
yabbi,0,0.183,0.47,0.21
yabby,0,0.265,0.66,0.31
yacal,0,0.053,0.08,0.08
yacca,0,0.165,0.36,0.21
yacht,1,0.792,1.9,0.95
yagua,0,0.077,0.16,0.1
yahan,0,0.093,0.2,0.12
yahoo,0,0.79,1.95,0.93
yaird,0,0.138,0.29,0.18
yakin,0,0.162,0.46,0.17
yakka,0,0.23,0.69,0.23
yalla,0,0.233,0.65,0.25
yamen,0,0.223,0.59,0.25
yampa,0,0.217,0.61,0.23
yamph,0,0.128,0.26,0.17
yanky,0,0.643,1.46,0.8
yaply,0,0.087,0.19,0.11
yapok,0,0.067,0.1,0.1
yappy,0,0.835,2.25,0.92
yarak,0,0.052,0.07,0.08
yaray,0,0.072,0.1,0.11
yarke,0,0.167,0.43,0.19
yarly,0,0.798,2.09,0.9
yarth,0,0.095,0.18,0.13
yauld,0,0.138,0.2,0.21
yawny,0,0.797,2.02,0.92
yeara,0,0.108,0.26,0.13
yeard,0,0.197,0.49,0.23
yearn,1,0.793,2.0,0.92
yeast,1,0.872,2.38,0.95
yerba,0,0.248,0.86,0.21
yerga,0,0.058,0.08,0.09
yerth,0,0.135,0.24,0.19
yesso,0,0.078,0.08,0.13
yesty,0,0.27,0.6,0.34
yeuky,0,0.057,0.1,0.08
yeven,0,0.078,0.11,0.12
yezzy,0,0.47,1.11,0.57
ygapo,0,0.073,0.17,0.09
yield,1,0.92,2.61,0.97
yince,0,0.098,0.2,0.13
yinst,0,0.093,0.17,0.13
yirth,0,0.067,0.13,0.09
yocco,0,0.153,0.35,0.19
yodel,0,0.69,1.65,0.83
yogin,0,0.458,1.25,0.5
yoick,0,0.202,0.43,0.26
yojan,0,0.077,0.13,0.11
yokel,0,0.52,1.32,0.6
yoker,0,0.362,1.06,0.37
yolky,0,0.685,1.71,0.8
yomer,0,0.082,0.16,0.11
youff,0,0.185,0.39,0.24
young,1,0.995,3.0,0.99
yourn,0,0.13,0.21,0.19
yours,0,0.988,2.96,0.99
youse,0,0.19,0.33,0.27
youth,1,0.913,2.54,0.98
youve,0,0.823,2.42,0.84
youze,0,0.128,0.29,0.16
yoven,0,0.078,0.11,0.12
yowie,0,0.22,0.69,0.21
yucca,0,0.377,1.06,0.4
yucky,0,0.875,2.43,0.94
yulan,0,0.165,0.45,0.18
yummy,0,0.925,2.64,0.97
yurta,0,0.387,1.15,0.39
zabra,0,0.36,0.84,0.44
zabti,0,0.038,0.02,0.07
zaman,0,0.105,0.24,0.13
zambo,0,0.168,0.38,0.21
zante,0,0.16,0.27,0.23
zanze,0,0.06,0.09,0.09
zapas,0,0.138,0.35,0.16
zayat,0,0.057,0.07,0.09
zayin,0,0.055,0.03,0.1
zebra,1,0.853,2.18,0.98
zebub,0,0.107,0.19,0.15
zeism,0,0.065,0.06,0.11
zeist,0,0.067,0.04,0.12
zemmi,0,0.045,0.03,0.08
zemni,0,0.052,0.04,0.09
zerda,0,0.1,0.18,0.14
zesty,1,0.798,2.03,0.92
ziara,0,0.067,0.1,0.1
zibet,0,0.14,0.39,0.15
ziega,0,0.075,0.09,0.12
ziffs,0,0.122,0.22,0.17
zihar,0,0.033,0.02,0.06
zimbi,0,0.155,0.33,0.2
zimme,0,0.117,0.22,0.16
zimmi,0,0.063,0.08,0.1
zinco,0,0.127,0.22,0.18
zippy,0,0.708,1.88,0.79
zirai,0,0.047,0.04,0.08
zloty,0,0.213,0.62,0.22
zocco,0,0.117,0.25,0.15
zoeal,0,0.057,0.04,0.1
zogan,0,0.08,0.09,0.13
zoism,0,0.058,0.05,0.1
zoist,0,0.05,0.03,0.09
zokor,0,0.067,0.1,0.1
zolle,0,0.097,0.13,0.15
zombi,0,0.633,1.61,0.73
zonal,1,0.547,1.54,0.58
zonar,0,0.118,0.23,0.16
zoned,0,0.735,1.95,0.82
zonic,0,0.11,0.18,0.16
zooid,0,0.21,0.57,0.23
zooks,0,0.107,0.19,0.15
zoons,0,0.225,0.6,0.25
zoril,0,0.062,0.1,0.09
zorro,0,0.645,1.59,0.76
zowie,0,0.22,0.63,0.23
zudda,0,0.062,0.07,0.1
zygal,0,0.052,0.07,0.08
zygon,0,0.2,0.51,0.23
zymic,0,0.07,0.12,0.1
zymin,0,0.038,0.05,0.06
